time,state,measured_state,passed_time_in_NORMAL,passed_time_in_DEGRADED,passed_time_in_CRITICAL,passed_time_in_FAILURE,mean_reaction_time_degraded,mean_reaction_time_critical,total_maintenances,total_maintenance_time,unnecessary_maintenances,total_broker_messages,upkeep_broker_messages,necessary_upkeep_broker_messages,available_teams,time_with_available_teams,time_without_available_teams,correct_role_inference,incorrect_role_inference,correct_state_inference,incorrect_state_inference
0,NORMAL:0,0,0,0,0,0,0,0,0,0,0,0,0,0,4,0,0,0,0,0,0
60000,NORMAL:0,0.0,60000,0,0,0,0,0,1,0,1,1606,1,0,3,60000,0,0,1606,0,1606
120000,NORMAL:0,0.0,120000,0,0,0,0,0,1,0,1,3261,1,0,3,120000,0,0,3261,0,3261
180000,NORMAL:0,0.0,180000,0,0,0,0,0,1,0,1,4915,1,0,4,180000,0,0,4915,0,4915
240000,NORMAL:0,0.0,240000,0,0,0,0,0,1,0,1,6569,1,0,4,240000,0,0,6569,0,6569
300000,NORMAL:0,0.0,300000,0,0,0,0,0,1,0,1,8224,1,0,4,300000,0,0,8224,0,8224
360000,NORMAL:0,0.0,360000,0,0,0,0,0,1,0,1,9879,1,0,4,360000,0,0,9879,0,9879
420000,NORMAL:0,0.0,420000,0,0,0,0,0,1,0,1,11533,1,0,4,420000,0,0,11533,0,11533
480000,NORMAL:0,0.0,480000,0,0,0,0,0,1,0,1,13190,1,0,4,480000,0,0,13190,0,13190
540000,NORMAL:0,0.0,540000,0,0,0,0,0,1,0,1,14842,1,0,4,540000,0,0,14842,0,14842
600000,NORMAL:0,0.0,600000,0,0,0,0,0,1,0,1,16497,1,0,4,600000,0,0,16497,0,16497
660000,NORMAL:0,0.0,660000,0,0,0,0,0,1,0,1,18152,1,0,4,660000,0,0,18152,0,18152
720000,NORMAL:0,0.0,720000,0,0,0,0,0,1,0,1,19807,1,0,4,720000,0,0,19807,0,19807
780000,NORMAL:0,0.0,780000,0,0,0,2000.0,0,2,0,1,21463,2,1,3,780000,0,0,21463,0,21463
840000,NORMAL:0,0.0,840000,0,0,0,2000.0,0,2,0,1,23116,2,1,3,840000,0,0,23116,0,23116
900000,NORMAL:0,0.0,900000,0,0,0,2000.0,0,2,0,1,24770,2,1,3,900000,0,0,24770,0,24770
960000,NORMAL:0,0.0,960000,0,0,0,2000.0,0,2,0,1,26426,2,1,3,960000,0,0,26426,0,26426
1020000,NORMAL:0,0.0,1020000,0,0,0,2000.0,0,2,0,1,28080,2,1,3,1020000,0,0,28080,0,28080
1080000,NORMAL:0,0.0,1080000,0,0,0,2000.0,0,2,0,1,29735,2,1,3,1080000,0,0,29735,0,29735
1140000,NORMAL:0,0.0,1140000,0,0,0,2000.0,0,2,0,1,31389,2,1,3,1140000,0,0,31389,0,31389
1200000,NORMAL:0,0.0,1200000,0,0,0,2000.0,0,2,0,1,33045,2,1,3,1200000,0,0,33045,0,33045
1260000,NORMAL:0,0.0,1260000,0,0,0,2000.0,0,2,0,1,34698,2,1,3,1260000,0,0,34698,0,34698
1320000,NORMAL:0,0.0,1320000,0,0,0,2000.0,0,2,0,1,36354,2,1,3,1320000,0,0,36354,0,36354
1380000,NORMAL:0,0.0,1380000,0,0,0,2000.0,0,2,0,1,38008,2,1,3,1380000,0,0,38008,0,38008
1440000,NORMAL:0,0.0,1440000,0,0,0,2000.0,0,2,0,1,39662,2,1,3,1440000,0,0,39662,0,39662
1500000,NORMAL:0,0.0,1500000,0,0,0,2000.0,0,2,0,1,41317,2,1,3,1500000,0,0,41317,0,41317
1560000,NORMAL:0,0.0,1560000,0,0,0,2000.0,0,2,0,1,42973,2,1,3,1560000,0,0,42973,0,42973
1620000,NORMAL:0,0.0,1620000,0,0,0,2000.0,0,2,0,1,44627,2,1,3,1620000,0,0,44627,0,44627
1680000,NORMAL:0,0.0,1680000,0,0,0,2000.0,0,2,0,1,46281,2,1,3,1680000,0,0,46281,0,46281
1740000,NORMAL:0,0.0,1740000,0,0,0,2000.0,0,2,0,1,47936,2,1,3,1740000,0,0,47936,0,47936
1800000,NORMAL:0,0.0,1800000,0,0,0,2000.0,0,2,0,1,49590,2,1,3,1800000,0,0,49590,0,49590
1860000,NORMAL:0,0.0,1860000,0,0,0,2000.0,0,2,0,1,51246,2,1,3,1860000,0,0,51246,0,51246
1920000,NORMAL:0,0.0,1920000,0,0,0,2000.0,0,2,0,1,52902,2,1,3,1920000,0,0,52902,0,52902
1980000,NORMAL:0,0.0,1980000,0,0,0,2000.0,0,2,0,1,54554,2,1,3,1980000,0,0,54554,0,54554
2040000,NORMAL:0,0.0,2040000,0,0,0,2000.0,0,2,0,1,56210,2,1,3,2040000,0,0,56210,0,56210
2100000,NORMAL:0,0.0,2100000,0,0,0,2000.0,0,2,0,1,57863,2,1,3,2100000,0,0,57863,0,57863
2160000,NORMAL:0,0.0,2160000,0,0,0,2000.0,0,2,0,1,59519,2,1,3,2160000,0,0,59519,0,59519
2220000,NORMAL:0,0.0,2220000,0,0,0,2000.0,0,2,0,1,61172,2,1,3,2220000,0,0,61172,0,61172
2280000,NORMAL:0,0.0,2280000,0,0,0,2000.0,0,2,0,1,62829,2,1,3,2280000,0,0,62829,0,62829
2340000,NORMAL:0,0.0,2340000,0,0,0,2000.0,0,2,0,1,64483,2,1,3,2340000,0,0,64483,0,64483
2400000,NORMAL:0,0.0,2400000,0,0,0,2000.0,0,2,0,1,66137,2,1,3,2400000,0,0,66137,0,66137
2460000,NORMAL:0,0.0,2460000,0,0,0,2000.0,0,2,0,1,67793,2,1,3,2460000,0,0,67793,0,67793
2520000,NORMAL:0,0.0,2520000,0,0,0,2000.0,0,2,0,1,69445,2,1,3,2520000,0,0,69445,0,69445
2580000,NORMAL:0,0.0,2580000,0,0,0,2000.0,0,2,0,1,71101,2,1,3,2580000,0,0,71101,0,71101
2640000,NORMAL:0,0.0,2640000,0,0,0,2000.0,0,2,0,1,72757,2,1,3,2640000,0,0,72757,0,72757
2700000,NORMAL:0,0.0,2700000,0,0,0,2000.0,0,2,0,1,74410,2,1,3,2700000,0,0,74410,0,74410
2760000,NORMAL:0,0.0,2760000,0,0,0,2000.0,0,2,0,1,76067,2,1,3,2760000,0,0,76067,0,76067
2820000,NORMAL:0,0.0,2820000,0,0,0,2000.0,0,2,0,1,77719,2,1,3,2820000,0,0,77719,0,77719
2880000,NORMAL:0,0.0,2880000,0,0,0,2000.0,0,2,0,1,79375,2,1,3,2880000,0,0,79375,0,79375
2940000,NORMAL:0,0.0,2940000,0,0,0,2000.0,0,2,0,1,81028,2,1,3,2940000,0,0,81028,0,81028
3000000,NORMAL:0,0.0,3000000,0,0,0,2000.0,0,2,0,1,82684,2,1,3,3000000,0,0,82684,0,82684
3060000,NORMAL:0,0.0,3060000,0,0,0,2000.0,0,2,0,1,84340,2,1,3,3060000,0,0,84340,0,84340
3120000,NORMAL:0,0.0,3120000,0,0,0,2000.0,0,2,0,1,85993,2,1,3,3120000,0,0,85993,0,85993
3180000,NORMAL:0,0.0,3180000,0,0,0,2000.0,0,2,0,1,87649,2,1,3,3180000,0,0,87649,0,87649
3240000,NORMAL:0,0.0,3240000,0,0,0,2000.0,0,2,0,1,89302,2,1,3,3240000,0,0,89302,0,89302
3300000,NORMAL:0,0.0,3300000,0,0,0,2000.0,0,2,0,1,90957,2,1,3,3300000,0,0,90957,0,90957
3360000,NORMAL:0,0.0,3360000,0,0,0,2000.0,0,2,0,1,92611,2,1,3,3360000,0,0,92611,0,92611
3420000,NORMAL:0,0.0,3420000,0,0,0,2000.0,0,2,0,1,94266,2,1,3,3420000,0,0,94266,0,94266
3480000,NORMAL:0,0.0,3480000,0,0,0,2000.0,0,2,0,1,95923,2,1,3,3480000,0,0,95923,0,95923
3540000,NORMAL:0,0.0,3540000,0,0,0,2000.0,0,2,0,1,97576,2,1,3,3540000,0,0,97576,0,97576
3600000,NORMAL:0,0.0,3600000,0,0,0,2000.0,0,2,0,1,99231,2,1,3,3600000,0,0,99231,0,99231
3660000,NORMAL:0,0.0,3660000,0,0,0,2000.0,0,2,0,1,100884,2,1,3,3660000,0,0,100884,0,100884
3720000,NORMAL:0,0.0,3720000,0,0,0,2000.0,0,2,0,1,102540,2,1,3,3720000,0,0,102540,0,102540
3780000,NORMAL:0,0.0,3780000,0,0,0,2000.0,0,2,0,1,104193,2,1,3,3780000,0,0,104193,0,104193
3840000,NORMAL:0,0.0,3840000,0,0,0,2000.0,0,2,0,1,105850,2,1,3,3840000,0,0,105850,0,105850
3900000,NORMAL:0,0.0,3900000,0,0,0,2000.0,0,2,0,1,107505,2,1,3,3900000,0,0,107505,0,107505
3960000,NORMAL:0,0.0,3960000,0,0,0,2000.0,0,2,0,1,109158,2,1,3,3960000,0,0,109158,0,109158
4020000,NORMAL:0,0.0005065856129685916,4020000,0,0,0,2000.0,0,2,0,1,110813,2,1,3,4020000,0,0,110813,0,110813
4080000,NORMAL:0,0.0005065856129685916,4080000,0,0,0,2000.0,0,2,0,1,112468,2,1,3,4080000,0,0,112468,0,112468
4140000,NORMAL:0,0.0005065856129685916,4140000,0,0,0,2000.0,0,2,0,1,114122,2,1,3,4140000,0,0,114122,0,114122
4200000,NORMAL:0,0.0005065856129685916,4200000,0,0,0,2000.0,0,2,0,1,115778,2,1,3,4200000,0,0,115778,0,115778
4260000,NORMAL:0,0.0005065856129685916,4260000,0,0,0,2000.0,0,2,0,1,117432,2,1,3,4260000,0,0,117432,0,117432
4320000,NORMAL:0,0.0005065856129685916,4320000,0,0,0,2000.0,0,2,0,1,119087,2,1,3,4320000,0,0,119087,0,119087
4380000,NORMAL:0,0.0005065856129685916,4380000,0,0,0,2000.0,0,2,0,1,120741,2,1,3,4380000,0,0,120741,0,120741
4440000,NORMAL:0,0.0005065856129685916,4440000,0,0,0,2000.0,0,2,0,1,122397,2,1,3,4440000,0,0,122397,0,122397
4500000,NORMAL:0,0.0005065856129685916,4500000,0,0,0,2000.0,0,2,0,1,124048,2,1,3,4500000,0,0,124048,0,124048
4560000,NORMAL:0,0.0005065856129685916,4560000,0,0,0,2000.0,0,2,0,1,125705,2,1,3,4560000,0,0,125705,0,125705
4620000,NORMAL:0,0.0005065856129685916,4620000,0,0,0,2000.0,0,2,0,1,127360,2,1,3,4620000,0,0,127360,0,127360
4680000,NORMAL:0,0.0005065856129685916,4680000,0,0,0,2000.0,0,2,0,1,129015,2,1,3,4680000,0,0,129015,0,129015
4740000,NORMAL:0,0.0005065856129685916,4740000,0,0,0,2000.0,0,2,0,1,130670,2,1,3,4740000,0,0,130670,0,130670
4800000,NORMAL:0,0.0005065856129685916,4800000,0,0,0,2000.0,0,2,0,1,132323,2,1,3,4800000,0,0,132323,0,132323
4860000,NORMAL:0,0.0005065856129685916,4860000,0,0,0,2000.0,0,2,0,1,133978,2,1,3,4860000,0,0,133978,0,133978
4920000,NORMAL:0,0.0005065856129685916,4920000,0,0,0,2000.0,0,2,0,1,135632,2,1,3,4920000,0,0,135632,0,135632
4980000,NORMAL:0,0.0005065856129685916,4980000,0,0,0,2000.0,0,2,0,1,137289,2,1,3,4980000,0,0,137289,0,137289
5040000,NORMAL:0,0.0005065856129685916,5040000,0,0,0,2000.0,0,2,0,1,138943,2,1,3,5040000,0,0,138943,0,138943
5100000,NORMAL:0,0.0005065856129685916,5100000,0,0,0,2000.0,0,2,0,1,140596,2,1,3,5100000,0,0,140596,0,140596
5160000,NORMAL:0,0.0005065856129685916,5160000,0,0,0,2000.0,0,2,0,1,142253,2,1,3,5160000,0,0,142253,0,142253
5220000,NORMAL:0,0.0005065856129685916,5220000,0,0,0,2000.0,0,2,0,1,143905,2,1,3,5220000,0,0,143905,0,143905
5280000,NORMAL:0,0.0005065856129685916,5280000,0,0,0,2000.0,0,2,0,1,145562,2,1,3,5280000,0,0,145562,0,145562
5340000,NORMAL:0,0.0005065856129685916,5340000,0,0,0,2000.0,0,2,0,1,147216,2,1,3,5340000,0,0,147216,0,147216
5400000,NORMAL:0,0.0005065856129685916,5400000,0,0,0,2000.0,0,2,0,1,148870,2,1,3,5400000,0,0,148870,0,148870
5460000,NORMAL:0,0.0005065856129685916,5460000,0,0,0,2000.0,0,2,0,1,150525,2,1,3,5460000,0,0,150525,0,150525
5520000,NORMAL:0,0.0005065856129685916,5520000,0,0,0,2000.0,0,2,0,1,152180,2,1,3,5520000,0,0,152180,0,152180
5580000,NORMAL:0,0.0005065856129685916,5580000,0,0,0,2000.0,0,2,0,1,153835,2,1,3,5580000,0,0,153835,0,153835
5640000,NORMAL:0,0.0005065856129685916,5640000,0,0,0,2000.0,0,2,0,1,155488,2,1,3,5640000,0,0,155488,0,155488
5700000,NORMAL:0,0.0005065856129685916,5700000,0,0,0,2000.0,0,2,0,1,157143,2,1,3,5700000,0,0,157143,0,157143
5760000,NORMAL:0,0.0005065856129685916,5760000,0,0,0,2000.0,0,2,0,1,158799,2,1,3,5760000,0,0,158799,0,158799
5820000,NORMAL:0,0.0005065856129685916,5820000,0,0,0,2000.0,0,2,0,1,160453,2,1,3,5820000,0,0,160453,0,160453
5880000,NORMAL:0,0.0005065856129685916,5880000,0,0,0,2000.0,0,2,0,1,162109,2,1,3,5880000,0,0,162109,0,162109
5940000,NORMAL:0,0.0005065856129685916,5940000,0,0,0,2000.0,0,2,0,1,163761,2,1,3,5940000,0,0,163761,0,163761
6000000,NORMAL:0,0.0005065856129685916,6000000,0,0,0,2000.0,0,2,0,1,165417,2,1,3,6000000,0,0,165417,0,165417
6060000,NORMAL:0,0.0005065856129685916,6060000,0,0,0,2000.0,0,2,0,1,167071,2,1,3,6060000,0,0,167071,0,167071
6120000,NORMAL:0,0.0005065856129685916,6120000,0,0,0,2000.0,0,2,0,1,168726,2,1,3,6120000,0,0,168726,0,168726
6180000,NORMAL:0,0.0005065856129685916,6180000,0,0,0,2000.0,0,2,0,1,170382,2,1,4,6180000,0,0,170382,0,170382
6240000,NORMAL:0,0.0005065856129685916,6240000,0,0,0,2000.0,0,2,0,1,172036,2,1,4,6240000,0,0,172036,0,172036
6300000,NORMAL:0,0.0005065856129685916,6300000,0,0,0,2000.0,0,2,0,1,173689,2,1,4,6300000,0,0,173689,0,173689
6360000,NORMAL:0,0.0005065856129685916,6360000,0,0,0,2000.0,0,2,0,1,175345,2,1,4,6360000,0,0,175345,0,175345
6420000,NORMAL:0,0.0005065856129685916,6420000,0,0,0,2000.0,0,2,0,1,177000,2,1,4,6420000,0,0,177000,0,177000
6480000,NORMAL:0,0.0005065856129685916,6480000,0,0,0,2000.0,0,2,0,1,178655,2,1,4,6480000,0,0,178655,0,178655
6540000,NORMAL:0,0.0005065856129685916,6540000,0,0,0,2000.0,0,2,0,1,180309,2,1,4,6540000,0,0,180309,0,180309
6600000,NORMAL:0,0.0005065856129685916,6600000,0,0,0,2000.0,0,2,0,1,181964,2,1,4,6600000,0,0,181964,0,181964
6660000,NORMAL:0,0.0005065856129685916,6660000,0,0,0,2000.0,0,2,0,1,183618,2,1,4,6660000,0,0,183618,0,183618
6720000,NORMAL:0,0.0005065856129685916,6720000,0,0,0,2000.0,0,2,0,1,185273,2,1,4,6720000,0,0,185273,0,185273
6780000,NORMAL:0,0.0005065856129685916,6780000,0,0,0,2000.0,0,2,0,1,186927,2,1,4,6780000,0,0,186927,0,186927
6840000,NORMAL:0,0.0005065856129685916,6840000,0,0,0,2000.0,0,2,0,1,188582,2,1,4,6840000,0,0,188582,0,188582
6900000,NORMAL:0,0.0010131712259371832,6900000,0,0,0,2000.0,0,2,0,1,190236,2,1,4,6900000,0,0,190236,0,190236
6960000,NORMAL:0,0.0010131712259371832,6960000,0,0,0,2000.0,0,2,0,1,191893,2,1,4,6960000,0,0,191893,0,191893
7020000,NORMAL:0,0.0010131712259371832,7020000,0,0,0,2000.0,0,2,0,1,193546,2,1,4,7020000,0,0,193546,0,193546
7080000,NORMAL:0,0.0010131712259371832,7080000,0,0,0,2000.0,0,2,0,1,195201,2,1,4,7080000,0,0,195201,0,195201
7140000,NORMAL:0,0.0010131712259371832,7140000,0,0,0,2000.0,0,2,0,1,196855,2,1,4,7140000,0,0,196855,0,196855
7200000,NORMAL:0,0.0010131712259371832,7200000,0,0,0,2000.0,0,2,0,1,198509,2,1,4,7200000,0,0,198509,0,198509
7260000,NORMAL:0,0.0010131712259371832,7260000,0,0,0,2000.0,0,2,0,1,200165,2,1,4,7260000,0,0,200165,0,200165
7320000,NORMAL:0,0.0010131712259371832,7320000,0,0,0,2000.0,0,2,0,1,201821,2,1,4,7320000,0,0,201821,0,201821
7380000,NORMAL:0,0.0010131712259371832,7380000,0,0,0,2000.0,0,2,0,1,203474,2,1,4,7380000,0,0,203474,0,203474
7440000,NORMAL:0,0.0010131712259371832,7440000,0,0,0,2000.0,0,2,0,1,205129,2,1,4,7440000,0,0,205129,0,205129
7500000,NORMAL:0,0.0010131712259371832,7500000,0,0,0,2000.0,0,2,0,1,206783,2,1,4,7500000,0,0,206783,0,206783
7560000,NORMAL:0,0.0010131712259371832,7560000,0,0,0,2000.0,0,2,0,1,208438,2,1,4,7560000,0,0,208438,0,208438
7620000,NORMAL:0,0.0010131712259371832,7620000,0,0,0,2000.0,0,2,0,1,210093,2,1,4,7620000,0,0,210093,0,210093
7680000,NORMAL:0,0.0010131712259371832,7680000,0,0,0,3000.0,0,3,0,1,211748,3,2,3,7680000,0,0,211748,0,211748
7740000,NORMAL:0,0.0010131712259371832,7740000,0,0,0,3000.0,0,3,0,1,213402,3,2,3,7740000,0,0,213402,0,213402
7800000,NORMAL:0,0.0010131712259371832,7800000,0,0,0,3000.0,0,3,0,1,215057,3,2,3,7800000,0,0,215057,0,215057
7860000,NORMAL:0,0.0010131712259371832,7860000,0,0,0,3000.0,0,3,0,1,216712,3,2,3,7860000,0,0,216712,0,216712
7920000,NORMAL:0,0.0010131712259371832,7920000,0,0,0,3000.0,0,3,0,1,218365,3,2,3,7920000,0,0,218365,0,218365
7980000,NORMAL:0,0.0010131712259371832,7980000,0,0,0,3000.0,0,3,0,1,220020,3,2,3,7980000,0,0,220020,0,220020
8040000,NORMAL:0,0.0010131712259371832,8040000,0,0,0,3000.0,0,3,0,1,221676,3,2,3,8040000,0,0,221676,0,221676
8100000,NORMAL:0,0.0010131712259371832,8100000,0,0,0,3000.0,0,3,0,1,223330,3,2,3,8100000,0,0,223330,0,223330
8160000,NORMAL:0,0.0010131712259371832,8160000,0,0,0,3000.0,0,3,0,1,224986,3,2,3,8160000,0,0,224986,0,224986
8220000,NORMAL:0,0.0010131712259371832,8220000,0,0,0,3000.0,0,3,0,1,226639,3,2,3,8220000,0,0,226639,0,226639
8280000,NORMAL:0,0.0010131712259371832,8280000,0,0,0,3000.0,0,3,0,1,228294,3,2,3,8280000,0,0,228294,0,228294
8340000,NORMAL:0,0.0010131712259371832,8340000,0,0,0,3000.0,0,3,0,1,229948,3,2,3,8340000,0,0,229948,0,229948
8400000,NORMAL:0,0.0010131712259371832,8400000,0,0,0,3000.0,0,3,0,1,231603,3,2,3,8400000,0,0,231603,0,231603
8460000,NORMAL:0,0.0010131712259371832,8460000,0,0,0,3000.0,0,3,0,1,233258,3,2,3,8460000,0,0,233258,0,233258
8520000,NORMAL:0,0.0010131712259371832,8520000,0,0,0,3000.0,0,3,0,1,234913,3,2,3,8520000,0,0,234913,0,234913
8580000,NORMAL:0,0.0010131712259371832,8580000,0,0,0,3000.0,0,3,0,1,236568,3,2,3,8580000,0,0,236568,0,236568
8640000,NORMAL:0,0.016210739614994932,8640000,0,0,0,3000.0,0,3,0,1,238222,3,2,3,8640000,0,0,238222,0,238222
8700000,NORMAL:0,0.0010131712259371832,8700000,0,0,0,8000.0,0,4,0,1,239876,4,3,2,8700000,0,0,239876,0,239876
8760000,NORMAL:0,0.0010131712259371832,8760000,0,0,0,8000.0,0,4,0,1,241533,4,3,2,8760000,0,0,241533,0,241533
8820000,NORMAL:0,0.0010131712259371832,8820000,0,0,0,8000.0,0,4,0,1,243184,4,3,2,8820000,0,0,243184,0,243184
8880000,NORMAL:0,0.0010131712259371832,8880000,0,0,0,8000.0,0,4,0,1,244842,4,3,2,8880000,0,0,244842,0,244842
8940000,NORMAL:0,0.0010131712259371832,8940000,0,0,0,8000.0,0,4,0,1,246496,4,3,2,8940000,0,0,246496,0,246496
9000000,NORMAL:0,0.0010131712259371832,9000000,0,0,0,8000.0,0,4,0,1,248150,4,3,2,9000000,0,0,248150,0,248150
9060000,NORMAL:0,0.0010131712259371832,9060000,0,0,0,8000.0,0,4,0,1,249804,4,3,2,9060000,0,0,249804,0,249804
9120000,NORMAL:0,0.0010131712259371832,9120000,0,0,0,8000.0,0,4,0,1,251459,4,3,2,9120000,0,0,251459,0,251459
9180000,NORMAL:0,0.0010131712259371832,9180000,0,0,0,8000.0,0,4,0,1,253114,4,3,2,9180000,0,0,253114,0,253114
9240000,NORMAL:0,0.0010131712259371832,9240000,0,0,0,8000.0,0,4,0,1,254768,4,3,2,9240000,0,0,254768,0,254768
9300000,NORMAL:0,0.0010131712259371832,9300000,0,0,0,8000.0,0,4,0,1,256424,4,3,2,9300000,0,0,256424,0,256424
9360000,NORMAL:0,0.0010131712259371832,9360000,0,0,0,8000.0,0,4,0,1,258078,4,3,2,9360000,0,0,258078,0,258078
9420000,NORMAL:0,0.0010131712259371832,9420000,0,0,0,8000.0,0,4,0,1,259732,4,3,2,9420000,0,0,259732,0,259732
9480000,NORMAL:0,0.0010131712259371832,9480000,0,0,0,8000.0,0,4,0,1,261388,4,3,2,9480000,0,0,261388,0,261388
9540000,NORMAL:0,0.0010131712259371832,9540000,0,0,0,8000.0,0,4,0,1,263041,4,3,2,9540000,0,0,263041,0,263041
9600000,NORMAL:0,0.0010131712259371832,9600000,0,0,0,8000.0,0,4,0,1,264697,4,3,2,9600000,0,0,264697,0,264697
9660000,NORMAL:0,0.0010131712259371832,9660000,0,0,0,8000.0,0,4,0,1,266351,4,3,2,9660000,0,0,266351,0,266351
9720000,NORMAL:0,0.0010131712259371832,9720000,0,0,0,8000.0,0,4,0,1,268006,4,3,2,9720000,0,0,268006,0,268006
9780000,NORMAL:0,0.0010131712259371832,9780000,0,0,0,8000.0,0,4,0,1,269661,4,3,2,9780000,0,0,269661,0,269661
9840000,NORMAL:0,0.0010131712259371832,9840000,0,0,0,8000.0,0,4,0,1,271316,4,3,2,9840000,0,0,271316,0,271316
9900000,NORMAL:0,0.0010131712259371832,9900000,0,0,0,8000.0,0,4,0,1,272970,4,3,2,9900000,0,0,272970,0,272970
9960000,NORMAL:0,0.0010131712259371832,9960000,0,0,0,8000.0,0,4,0,1,274624,4,3,2,9960000,0,0,274624,0,274624
10020000,NORMAL:0,0.0010131712259371832,10020000,0,0,0,8000.0,0,4,0,1,276279,4,3,2,10020000,0,0,276279,0,276279
10080000,NORMAL:0,0.0010131712259371832,10080000,0,0,0,8000.0,0,4,0,1,277934,4,3,2,10080000,0,0,277934,0,277934
10140000,NORMAL:0,0.0010131712259371832,10140000,0,0,0,7250.0,0,5,0,1,279589,5,4,1,10140000,0,0,279589,0,279589
10200000,NORMAL:0,0.0010131712259371832,10200000,0,0,0,7250.0,0,5,0,1,281243,5,4,1,10200000,0,0,281243,0,281243
10260000,NORMAL:0,0.0010131712259371832,10260000,0,0,0,7250.0,0,5,0,1,282897,5,4,1,10260000,0,0,282897,0,282897
10320000,NORMAL:0,0.0010131712259371832,10320000,0,0,0,7400.0,0,6,24000,1,284553,6,5,0,10296000,24000,0,284553,0,284553
10380000,NORMAL:0,0.0010131712259371832,10380000,0,0,0,7400.0,0,6,84000,1,286207,6,5,0,10296000,84000,0,286207,0,286207
10440000,NORMAL:0,0.0010131712259371832,10440000,0,0,0,7400.0,0,6,144000,1,287863,6,5,0,10296000,144000,0,287863,0,287863
10500000,NORMAL:0,0.0010131712259371832,10500000,0,0,0,7400.0,0,6,204000,1,289515,6,5,0,10296000,204000,0,289515,0,289515
10560000,NORMAL:0,0.0010131712259371832,10560000,0,0,0,7400.0,0,6,264000,1,291172,6,5,0,10296000,264000,0,291172,0,291172
10620000,NORMAL:0,0.0010131712259371832,10620000,0,0,0,7400.0,0,6,324000,1,292825,6,5,0,10296000,324000,0,292825,0,292825
10680000,NORMAL:0,0.0010131712259371832,10680000,0,0,0,7400.0,0,6,384000,1,294481,6,5,0,10296000,384000,0,294481,0,294481
10740000,NORMAL:0,0.0010131712259371832,10740000,0,0,0,7400.0,0,6,444000,1,296136,6,5,0,10296000,444000,0,296136,0,296136
10800000,NORMAL:0,0.0010131712259371832,10800000,0,0,0,7400.0,0,6,504000,1,297788,6,5,0,10296000,504000,0,297788,0,297788
10860000,NORMAL:0,0.0010131712259371832,10860000,0,0,0,7400.0,0,6,564000,1,299445,6,5,0,10296000,564000,0,299445,0,299445
10920000,NORMAL:0,0.0010131712259371832,10920000,0,0,0,7400.0,0,6,624000,1,301099,6,5,0,10296000,624000,0,301099,0,301099
10980000,NORMAL:0,0.0010131712259371832,10980000,0,0,0,7400.0,0,6,684000,1,302754,6,5,0,10296000,684000,0,302754,0,302754
11040000,NORMAL:0,0.0010131712259371832,11040000,0,0,0,7400.0,0,6,744000,1,304410,6,5,0,10296000,744000,0,304410,0,304410
11100000,NORMAL:0,0.0010131712259371832,11100000,0,0,0,7400.0,0,6,804000,1,306062,6,5,0,10296000,804000,0,306062,0,306062
11160000,NORMAL:0,0.0010131712259371832,11160000,0,0,0,7400.0,0,6,864000,1,307718,6,5,0,10296000,864000,0,307718,0,307718
11220000,NORMAL:0,0.0010131712259371832,11220000,0,0,0,7400.0,0,6,924000,1,309372,6,5,0,10296000,924000,0,309372,0,309372
11280000,NORMAL:0,0.0010131712259371832,11280000,0,0,0,7400.0,0,6,984000,1,311029,6,5,0,10296000,984000,0,311029,0,311029
11340000,NORMAL:0,0.0010131712259371832,11340000,0,0,0,7400.0,0,6,1044000,1,312680,6,5,0,10296000,1044000,0,312680,0,312680
11400000,NORMAL:0,0.0010131712259371832,11400000,0,0,0,7400.0,0,6,1104000,1,314336,6,5,0,10296000,1104000,0,314336,0,314336
11460000,NORMAL:0,0.0010131712259371832,11460000,0,0,0,7400.0,0,6,1164000,1,315992,6,5,0,10296000,1164000,0,315992,0,315992
11520000,NORMAL:0,0.0010131712259371832,11520000,0,0,0,7400.0,0,6,1224000,1,317645,6,5,0,10296000,1224000,0,317645,0,317645
11580000,NORMAL:0,0.0010131712259371832,11580000,0,0,0,7400.0,0,6,1284000,1,319301,6,5,0,10296000,1284000,0,319301,0,319301
11640000,NORMAL:0,0.0010131712259371832,11640000,0,0,0,7400.0,0,6,1344000,1,320955,6,5,0,10296000,1344000,0,320955,0,320955
11700000,NORMAL:0,0.0010131712259371832,11700000,0,0,0,7400.0,0,6,1404000,1,322609,6,5,0,10296000,1404000,0,322609,0,322609
11760000,NORMAL:0,0.0010131712259371832,11760000,0,0,0,7400.0,0,6,1464000,1,324264,6,5,0,10296000,1464000,0,324264,0,324264
11820000,NORMAL:0,0.0010131712259371832,11820000,0,0,0,7400.0,0,6,1524000,1,325919,6,5,0,10296000,1524000,0,325919,0,325919
11880000,NORMAL:0,0.0010131712259371832,11880000,0,0,0,7400.0,0,6,1584000,1,327575,6,5,0,10296000,1584000,0,327575,0,327575
11940000,NORMAL:0,0.0010131712259371832,11940000,0,0,0,7400.0,0,6,1644000,1,329227,6,5,0,10296000,1644000,0,329227,0,329227
12000000,NORMAL:0,0.0010131712259371832,12000000,0,0,0,7400.0,0,6,1704000,1,330884,6,5,0,10296000,1704000,0,330884,0,330884
12060000,NORMAL:0,0.0010131712259371832,12060000,0,0,0,7400.0,0,6,1764000,1,332537,6,5,0,10296000,1764000,0,332537,0,332537
12120000,NORMAL:0,0.0010131712259371832,12120000,0,0,0,7400.0,0,6,1824000,1,334193,6,5,0,10296000,1824000,0,334193,0,334193
12180000,NORMAL:0,0.0010131712259371832,12180000,0,0,0,7400.0,0,6,1884000,1,335848,6,5,0,10296000,1884000,0,335848,0,335848
12240000,NORMAL:0,0.0010131712259371832,12240000,0,0,0,7400.0,0,6,1944000,1,337501,6,5,0,10296000,1944000,0,337501,0,337501
12300000,NORMAL:0,0.0010131712259371832,12300000,0,0,0,7400.0,0,6,2004000,1,339156,6,5,0,10296000,2004000,0,339156,0,339156
12360000,NORMAL:0,0.0010131712259371832,12360000,0,0,0,7400.0,0,6,2064000,1,340811,6,5,0,10296000,2064000,0,340811,0,340811
12420000,NORMAL:0,0.0010131712259371832,12420000,0,0,0,7400.0,0,6,2124000,1,342466,6,5,0,10296000,2124000,0,342466,0,342466
12480000,NORMAL:0,0.0010131712259371832,12480000,0,0,0,7400.0,0,6,2184000,1,344120,6,5,0,10296000,2184000,0,344120,0,344120
12540000,NORMAL:0,0.0010131712259371832,12540000,0,0,0,7400.0,0,6,2244000,1,345775,6,5,0,10296000,2244000,0,345775,0,345775
12600000,NORMAL:0,0.0010131712259371832,12600000,0,0,0,7400.0,0,6,2304000,1,347429,6,5,0,10296000,2304000,0,347429,0,347429
12660000,NORMAL:0,0.0010131712259371832,12660000,0,0,0,7400.0,0,6,2364000,1,349084,6,5,0,10296000,2364000,0,349084,0,349084
12720000,NORMAL:0,0.0010131712259371832,12720000,0,0,0,7400.0,0,6,2424000,1,350740,6,5,0,10296000,2424000,0,350740,0,350740
12780000,NORMAL:0,0.0010131712259371832,12780000,0,0,0,7400.0,0,6,2484000,1,352393,6,5,0,10296000,2484000,0,352393,0,352393
12840000,NORMAL:0,0.0010131712259371832,12840000,0,0,0,7400.0,0,6,2544000,1,354049,6,5,0,10296000,2544000,0,354049,0,354049
12900000,NORMAL:0,0.0010131712259371832,12900000,0,0,0,7400.0,0,6,2604000,1,355702,6,5,0,10296000,2604000,0,355702,0,355702
12960000,NORMAL:0,0.0010131712259371832,12960000,0,0,0,7400.0,0,6,2664000,1,357358,6,5,0,10296000,2664000,0,357358,0,357358
13020000,NORMAL:0,0.0010131712259371832,13020000,0,0,0,7400.0,0,6,2724000,1,359012,6,5,0,10296000,2724000,0,359012,0,359012
13080000,NORMAL:0,0.0010131712259371832,13080000,0,0,0,7400.0,0,6,2771000,1,360667,6,5,1,10309000,2771000,0,360667,0,360667
13140000,NORMAL:0,0.0010131712259371832,13140000,0,0,0,7400.0,0,6,2771000,1,362321,6,5,1,10369000,2771000,0,362321,0,362321
13200000,NORMAL:0,0.0010131712259371832,13200000,0,0,0,7400.0,0,6,2771000,1,363976,6,5,1,10429000,2771000,0,363976,0,363976
13260000,NORMAL:0,0.0010131712259371832,13260000,0,0,0,7400.0,0,6,2771000,1,365632,6,5,1,10489000,2771000,0,365632,0,365632
13320000,NORMAL:0,0.0010131712259371832,13320000,0,0,0,7400.0,0,6,2771000,1,367286,6,5,1,10549000,2771000,0,367286,0,367286
13380000,NORMAL:0,0.0010131712259371832,13380000,0,0,0,7400.0,0,6,2771000,1,368940,6,5,1,10609000,2771000,0,368940,0,368940
13440000,NORMAL:0,0.0010131712259371832,13440000,0,0,0,7400.0,0,6,2771000,1,370595,6,5,1,10669000,2771000,0,370595,0,370595
13500000,NORMAL:0,0.0364741641337386,13500000,0,0,0,7400.0,0,6,2771000,1,372248,6,5,1,10729000,2771000,0,372248,0,372248
13560000,NORMAL:0,0.0364741641337386,13560000,0,0,0,7400.0,0,6,2771000,1,373906,6,5,1,10789000,2771000,0,373906,0,373906
13620000,NORMAL:0,0.0364741641337386,13620000,0,0,0,7400.0,0,6,2771000,1,375558,6,5,1,10849000,2771000,0,375558,0,375558
13680000,NORMAL:0,0.0364741641337386,13680000,0,0,0,7400.0,0,6,2771000,1,377214,6,5,1,10909000,2771000,0,377214,0,377214
13740000,NORMAL:0,0.0364741641337386,13740000,0,0,0,7400.0,0,6,2771000,1,378868,6,5,1,10969000,2771000,0,378868,0,378868
13800000,NORMAL:0,0.0364741641337386,13800000,0,0,0,7400.0,0,6,2771000,1,380523,6,5,1,11029000,2771000,0,380523,0,380523
13860000,NORMAL:0,0.0364741641337386,13860000,0,0,0,7400.0,0,6,2771000,1,382177,6,5,1,11089000,2771000,0,382177,0,382177
13920000,NORMAL:0,0.051671732522796346,13920000,0,0,0,7400.0,0,6,2771000,1,383831,6,5,1,11149000,2771000,0,383831,0,383831
13980000,NORMAL:0,0.016210739614994932,13980000,0,0,0,77000.0,0,7,2831000,1,385488,7,6,0,11149000,2831000,0,385488,0,385488
14040000,NORMAL:0,0.016210739614994932,14040000,0,0,0,77000.0,0,7,2891000,1,387141,7,6,1,11149000,2891000,0,387141,0,387141
14100000,NORMAL:0,0.016210739614994932,14100000,0,0,0,77000.0,0,7,2891000,1,388796,7,6,1,11209000,2891000,0,388796,0,388796
14160000,NORMAL:0,0.016210739614994932,14160000,0,0,0,77000.0,0,7,2891000,1,390452,7,6,1,11269000,2891000,0,390452,0,390452
14220000,NORMAL:0,0.016210739614994932,14220000,0,0,0,77000.0,0,7,2891000,1,392104,7,6,1,11329000,2891000,0,392104,0,392104
14280000,NORMAL:0,0.016210739614994932,14280000,0,0,0,77000.0,0,7,2891000,1,393760,7,6,1,11389000,2891000,0,393760,0,393760
14340000,NORMAL:0,0.016210739614994932,14340000,0,0,0,77000.0,0,7,2891000,1,395415,7,6,1,11449000,2891000,0,395415,0,395415
14400000,NORMAL:0,0.016210739614994932,14400000,0,0,0,77000.0,0,7,2891000,1,397070,7,6,1,11509000,2891000,0,397070,0,397070
14460000,NORMAL:0,0.016210739614994932,14460000,0,0,0,77000.0,0,7,2891000,1,398725,7,6,1,11569000,2891000,0,398725,0,398725
14520000,NORMAL:0,0.016210739614994932,14520000,0,0,0,77000.0,0,7,2891000,1,400379,7,6,1,11629000,2891000,0,400379,0,400379
14580000,NORMAL:0,0.016210739614994932,14580000,0,0,0,77000.0,0,7,2891000,1,402033,7,6,1,11689000,2891000,0,402033,0,402033
14640000,NORMAL:0,0.016210739614994932,14640000,0,0,0,77000.0,0,7,2891000,1,403688,7,6,1,11749000,2891000,0,403688,0,403688
14700000,NORMAL:0,0.016210739614994932,14700000,0,0,0,77000.0,0,7,2891000,1,405342,7,6,1,11809000,2891000,0,405342,0,405342
14760000,NORMAL:0,0.016210739614994932,14760000,0,0,0,77000.0,0,7,2891000,1,406997,7,6,1,11869000,2891000,0,406997,0,406997
14820000,NORMAL:0,0.016210739614994932,14820000,0,0,0,77000.0,0,7,2891000,1,408652,7,6,1,11929000,2891000,0,408652,0,408652
14880000,NORMAL:0,0.016210739614994932,14880000,0,0,0,77000.0,0,7,2891000,1,410308,7,6,1,11989000,2891000,0,410308,0,410308
14940000,NORMAL:0,0.016717325227963525,14940000,0,0,0,77000.0,0,7,2891000,1,411961,7,6,1,12049000,2891000,0,411961,0,411961
15000000,NORMAL:0,0.016717325227963525,15000000,0,0,0,77000.0,0,7,2891000,1,413616,7,6,1,12109000,2891000,0,413616,0,413616
15060000,NORMAL:0,0.016717325227963525,15060000,0,0,0,77000.0,0,7,2891000,1,415270,7,6,1,12169000,2891000,0,415270,0,415270
15120000,NORMAL:0,0.016717325227963525,15120000,0,0,0,77000.0,0,7,2891000,1,416925,7,6,1,12229000,2891000,0,416925,0,416925
15180000,NORMAL:0,0.016717325227963525,15180000,0,0,0,77000.0,0,7,2891000,1,418580,7,6,1,12289000,2891000,0,418580,0,418580
15240000,NORMAL:0,0.016717325227963525,15240000,0,0,0,77000.0,0,7,2891000,1,420236,7,6,1,12349000,2891000,0,420236,0,420236
15300000,NORMAL:0,0.016717325227963525,15300000,0,0,0,77000.0,0,7,2891000,1,421889,7,6,1,12409000,2891000,0,421889,0,421889
15360000,NORMAL:0,0.016717325227963525,15360000,0,0,0,77000.0,0,7,2891000,1,423544,7,6,1,12469000,2891000,0,423544,0,423544
15420000,NORMAL:0,0.016717325227963525,15420000,0,0,0,77000.0,0,7,2891000,1,425198,7,6,1,12529000,2891000,0,425198,0,425198
15480000,NORMAL:0,0.016717325227963525,15480000,0,0,0,77000.0,0,7,2891000,1,426853,7,6,1,12589000,2891000,0,426853,0,426853
15540000,NORMAL:0,0.016717325227963525,15540000,0,0,0,77000.0,0,7,2891000,1,428508,7,6,2,12649000,2891000,0,428508,0,428508
15600000,NORMAL:0,0.016717325227963525,15600000,0,0,0,77000.0,0,7,2891000,1,430164,7,6,2,12709000,2891000,0,430164,0,430164
15660000,NORMAL:0,0.016717325227963525,15660000,0,0,0,77000.0,0,7,2891000,1,431817,7,6,2,12769000,2891000,0,431817,0,431817
15720000,NORMAL:0,0.016717325227963525,15720000,0,0,0,77000.0,0,7,2891000,1,433472,7,6,3,12829000,2891000,0,433472,0,433472
15780000,NORMAL:0,0.016717325227963525,15780000,0,0,0,77000.0,0,7,2891000,1,435127,7,6,3,12889000,2891000,0,435127,0,435127
15840000,NORMAL:0,0.016717325227963525,15840000,0,0,0,77000.0,0,7,2891000,1,436781,7,6,3,12949000,2891000,0,436781,0,436781
15900000,NORMAL:0,0.016717325227963525,15900000,0,0,0,77000.0,0,7,2891000,1,438435,7,6,3,13009000,2891000,0,438435,0,438435
15960000,NORMAL:0,0.016717325227963525,15960000,0,0,0,77000.0,0,7,2891000,1,440091,7,6,3,13069000,2891000,0,440091,0,440091
16020000,NORMAL:0,0.016717325227963525,16020000,0,0,0,77000.0,0,7,2891000,1,441745,7,6,3,13129000,2891000,0,441745,0,441745
16080000,NORMAL:0,0.016717325227963525,16080000,0,0,0,77000.0,0,7,2891000,1,443401,7,6,3,13189000,2891000,0,443401,0,443401
16140000,NORMAL:0,0.016717325227963525,16140000,0,0,0,77000.0,0,7,2891000,1,445055,7,6,3,13249000,2891000,0,445055,0,445055
16200000,NORMAL:0,0.016717325227963525,16200000,0,0,0,77000.0,0,7,2891000,1,446708,7,6,3,13309000,2891000,0,446708,0,446708
16260000,NORMAL:0,0.016717325227963525,16260000,0,0,0,77000.0,0,7,2891000,1,448363,7,6,3,13369000,2891000,0,448363,0,448363
16320000,NORMAL:0,0.016717325227963525,16320000,0,0,0,77000.0,0,7,2891000,1,450019,7,6,3,13429000,2891000,0,450019,0,450019
16380000,NORMAL:0,0.016717325227963525,16380000,0,0,0,77000.0,0,7,2891000,1,451673,7,6,3,13489000,2891000,0,451673,0,451673
16440000,NORMAL:0,0.016717325227963525,16440000,0,0,0,77000.0,0,7,2891000,1,453329,7,6,3,13549000,2891000,0,453329,0,453329
16500000,NORMAL:0,0.016717325227963525,16500000,0,0,0,77000.0,0,7,2891000,1,454982,7,6,3,13609000,2891000,0,454982,0,454982
16560000,NORMAL:0,0.016717325227963525,16560000,0,0,0,77000.0,0,7,2891000,1,456637,7,6,3,13669000,2891000,0,456637,0,456637
16620000,NORMAL:0,0.016717325227963525,16620000,0,0,0,77000.0,0,7,2891000,1,458291,7,6,3,13729000,2891000,0,458291,0,458291
16680000,NORMAL:0,0.016717325227963525,16680000,0,0,0,77000.0,0,7,2891000,1,459948,7,6,3,13789000,2891000,0,459948,0,459948
16740000,NORMAL:0,0.016717325227963525,16740000,0,0,0,77000.0,0,7,2891000,1,461602,7,6,3,13849000,2891000,0,461602,0,461602
16800000,NORMAL:0,0.016717325227963525,16800000,0,0,0,77000.0,0,7,2891000,1,463255,7,6,3,13909000,2891000,0,463255,0,463255
16860000,NORMAL:0,0.016717325227963525,16860000,0,0,0,77000.0,0,7,2891000,1,464911,7,6,3,13969000,2891000,0,464911,0,464911
16920000,NORMAL:0,0.016717325227963525,16920000,0,0,0,77000.0,0,7,2891000,1,466565,7,6,3,14029000,2891000,0,466565,0,466565
16980000,NORMAL:0,0.016717325227963525,16980000,0,0,0,77000.0,0,7,2891000,1,468220,7,6,3,14089000,2891000,0,468220,0,468220
17040000,NORMAL:0,0.016717325227963525,17040000,0,0,0,77000.0,0,7,2891000,1,469874,7,6,3,14149000,2891000,0,469874,0,469874
17100000,NORMAL:0,0.016717325227963525,17100000,0,0,0,77000.0,0,7,2891000,1,471528,7,6,3,14209000,2891000,0,471528,0,471528
17160000,NORMAL:0,0.016717325227963525,17160000,0,0,0,77000.0,0,7,2891000,1,473185,7,6,3,14269000,2891000,0,473185,0,473185
17220000,NORMAL:0,0.016717325227963525,17220000,0,0,0,77000.0,0,7,2891000,1,474838,7,6,3,14329000,2891000,0,474838,0,474838
17280000,NORMAL:0,0.016717325227963525,17280000,0,0,0,77000.0,0,7,2891000,1,476494,7,6,3,14389000,2891000,0,476494,0,476494
17340000,NORMAL:0,0.016717325227963525,17340000,0,0,0,77000.0,0,7,2891000,1,478147,7,6,3,14449000,2891000,0,478147,0,478147
17400000,NORMAL:0,0.016717325227963525,17400000,0,0,0,77000.0,0,7,2891000,1,479802,7,6,3,14509000,2891000,0,479802,0,479802
17460000,NORMAL:0,0.016717325227963525,17460000,0,0,0,77000.0,0,7,2891000,1,481457,7,6,3,14569000,2891000,0,481457,0,481457
17520000,NORMAL:0,0.016717325227963525,17520000,0,0,0,77000.0,0,7,2891000,1,483112,7,6,3,14629000,2891000,0,483112,0,483112
17580000,NORMAL:0,0.016717325227963525,17580000,0,0,0,77000.0,0,7,2891000,1,484768,7,6,3,14689000,2891000,0,484768,0,484768
17640000,NORMAL:0,0.016717325227963525,17640000,0,0,0,77000.0,0,7,2891000,1,486420,7,6,3,14749000,2891000,0,486420,0,486420
17700000,NORMAL:0,0.016717325227963525,17700000,0,0,0,77000.0,0,7,2891000,1,488075,7,6,3,14809000,2891000,0,488075,0,488075
17760000,NORMAL:0,0.016717325227963525,17760000,0,0,0,77000.0,0,7,2891000,1,489731,7,6,3,14869000,2891000,0,489731,0,489731
17820000,NORMAL:0,0.016717325227963525,17820000,0,0,0,77000.0,0,7,2891000,1,491384,7,6,3,14929000,2891000,0,491384,0,491384
17880000,NORMAL:0,0.016717325227963525,17880000,0,0,0,77000.0,0,7,2891000,1,493042,7,6,3,14989000,2891000,0,493042,0,493042
17940000,NORMAL:0,0.016717325227963525,17940000,0,0,0,77000.0,0,7,2891000,1,494694,7,6,3,15049000,2891000,0,494694,0,494694
18000000,NORMAL:0,0.016717325227963525,18000000,0,0,0,77000.0,0,7,2891000,1,496349,7,6,3,15109000,2891000,0,496349,0,496349
18060000,NORMAL:0,0.016717325227963525,18060000,0,0,0,77000.0,0,7,2891000,1,498003,7,6,3,15169000,2891000,0,498003,0,498003
18120000,NORMAL:0,0.016717325227963525,18120000,0,0,0,77000.0,0,7,2891000,1,499659,7,6,3,15229000,2891000,0,499659,0,499659
18180000,NORMAL:0,0.016717325227963525,18180000,0,0,0,77000.0,0,7,2891000,1,501312,7,6,3,15289000,2891000,0,501312,0,501312
18240000,NORMAL:0,0.016717325227963525,18240000,0,0,0,77000.0,0,7,2891000,1,502968,7,6,3,15349000,2891000,0,502968,0,502968
18300000,NORMAL:0,0.016717325227963525,18300000,0,0,0,77000.0,0,7,2891000,1,504623,7,6,3,15409000,2891000,0,504623,0,504623
18360000,NORMAL:0,0.016717325227963525,18360000,0,0,0,77000.0,0,7,2891000,1,506277,7,6,3,15469000,2891000,0,506277,0,506277
18420000,NORMAL:0,0.016717325227963525,18420000,0,0,0,77000.0,0,7,2891000,1,507932,7,6,3,15529000,2891000,0,507932,0,507932
18480000,NORMAL:0,0.016717325227963525,18480000,0,0,0,77000.0,0,7,2891000,1,509586,7,6,3,15589000,2891000,0,509586,0,509586
18540000,NORMAL:0,0.016717325227963525,18540000,0,0,0,77000.0,0,7,2891000,1,511240,7,6,3,15649000,2891000,0,511240,0,511240
18600000,NORMAL:0,0.016717325227963525,18600000,0,0,0,77000.0,0,7,2891000,1,512895,7,6,3,15709000,2891000,0,512895,0,512895
18660000,NORMAL:0,0.016717325227963525,18660000,0,0,0,77000.0,0,7,2891000,1,514551,7,6,3,15769000,2891000,0,514551,0,514551
18720000,NORMAL:0,0.016717325227963525,18720000,0,0,0,77000.0,0,7,2891000,1,516206,7,6,3,15829000,2891000,0,516206,0,516206
18780000,NORMAL:0,0.016717325227963525,18780000,0,0,0,77000.0,0,7,2891000,1,517859,7,6,3,15889000,2891000,0,517859,0,517859
18840000,NORMAL:0,0.016717325227963525,18840000,0,0,0,77000.0,0,7,2891000,1,519515,7,6,3,15949000,2891000,0,519515,0,519515
18900000,NORMAL:0,0.016717325227963525,18900000,0,0,0,77000.0,0,7,2891000,1,521167,7,6,3,16009000,2891000,0,521167,0,521167
18960000,NORMAL:0,0.016717325227963525,18960000,0,0,0,77000.0,0,7,2891000,1,522824,7,6,3,16069000,2891000,0,522824,0,522824
19020000,NORMAL:0,0.016717325227963525,19020000,0,0,0,77000.0,0,7,2891000,1,524480,7,6,3,16129000,2891000,0,524480,0,524480
19080000,NORMAL:0,0.016717325227963525,19080000,0,0,0,77000.0,0,7,2891000,1,526133,7,6,3,16189000,2891000,0,526133,0,526133
19140000,NORMAL:0,0.016717325227963525,19140000,0,0,0,77000.0,0,7,2891000,1,527788,7,6,3,16249000,2891000,0,527788,0,527788
19200000,NORMAL:0,0.016717325227963525,19200000,0,0,0,77000.0,0,7,2891000,1,529442,7,6,3,16309000,2891000,0,529442,0,529442
19260000,NORMAL:0,0.016717325227963525,19260000,0,0,0,77000.0,0,7,2891000,1,531097,7,6,3,16369000,2891000,0,531097,0,531097
19320000,NORMAL:0,0.016717325227963525,19320000,0,0,0,77000.0,0,7,2891000,1,532750,7,6,4,16429000,2891000,0,532750,0,532750
19380000,NORMAL:0,0.0015197568389057749,19380000,0,0,0,838142.8571428572,0,8,2891000,1,534406,8,7,3,16489000,2891000,0,534406,0,534406
19440000,NORMAL:0,0.0015197568389057749,19440000,0,0,0,838142.8571428572,0,8,2891000,1,536062,8,7,3,16549000,2891000,0,536062,0,536062
19500000,NORMAL:0,0.0015197568389057749,19500000,0,0,0,838142.8571428572,0,8,2891000,1,537715,8,7,3,16609000,2891000,0,537715,0,537715
19560000,NORMAL:0,0.0015197568389057749,19560000,0,0,0,838142.8571428572,0,8,2891000,1,539372,8,7,3,16669000,2891000,0,539372,0,539372
19620000,NORMAL:0,0.0015197568389057749,19620000,0,0,0,838142.8571428572,0,8,2891000,1,541023,8,7,3,16729000,2891000,0,541023,0,541023
19680000,NORMAL:0,0.0015197568389057749,19680000,0,0,0,838142.8571428572,0,8,2891000,1,542680,8,7,3,16789000,2891000,0,542680,0,542680
19740000,NORMAL:0,0.0015197568389057749,19740000,0,0,0,838142.8571428572,0,8,2891000,1,544333,8,7,3,16849000,2891000,0,544333,0,544333
19800000,NORMAL:0,0.0015197568389057749,19800000,0,0,0,838142.8571428572,0,8,2891000,1,545989,8,7,3,16909000,2891000,0,545989,0,545989
19860000,NORMAL:0,0.0015197568389057749,19860000,0,0,0,838142.8571428572,0,8,2891000,1,547645,8,7,3,16969000,2891000,0,547645,0,547645
19920000,NORMAL:0,0.0015197568389057749,19920000,0,0,0,838142.8571428572,0,8,2891000,1,549298,8,7,3,17029000,2891000,0,549298,0,549298
19980000,NORMAL:0,0.0015197568389057749,19980000,0,0,0,838142.8571428572,0,8,2891000,1,550953,8,7,3,17089000,2891000,0,550953,0,550953
20040000,NORMAL:0,0.0015197568389057749,20040000,0,0,0,838142.8571428572,0,8,2891000,1,552607,8,7,3,17149000,2891000,0,552607,0,552607
20100000,NORMAL:0,0.0015197568389057749,20100000,0,0,0,838142.8571428572,0,8,2891000,1,554262,8,7,3,17209000,2891000,0,554262,0,554262
20160000,NORMAL:0,0.0015197568389057749,20160000,0,0,0,838142.8571428572,0,8,2891000,1,555917,8,7,3,17269000,2891000,0,555917,0,555917
20220000,NORMAL:0,0.0015197568389057749,20220000,0,0,0,838142.8571428572,0,8,2891000,1,557571,8,7,3,17329000,2891000,0,557571,0,557571
20280000,NORMAL:0,0.0015197568389057749,20280000,0,0,0,838142.8571428572,0,8,2891000,1,559228,8,7,3,17389000,2891000,0,559228,0,559228
20340000,NORMAL:0,0.0015197568389057749,20340000,0,0,0,838142.8571428572,0,8,2891000,1,560880,8,7,3,17449000,2891000,0,560880,0,560880
20400000,NORMAL:0,0.0015197568389057749,20400000,0,0,0,838142.8571428572,0,8,2891000,1,562536,8,7,3,17509000,2891000,0,562536,0,562536
20460000,NORMAL:0,0.0015197568389057749,20460000,0,0,0,838142.8571428572,0,8,2891000,1,564189,8,7,3,17569000,2891000,0,564189,0,564189
20520000,NORMAL:0,0.0015197568389057749,20520000,0,0,0,838142.8571428572,0,8,2891000,1,565844,8,7,3,17629000,2891000,0,565844,0,565844
20580000,NORMAL:0,0.0015197568389057749,20580000,0,0,0,838142.8571428572,0,8,2891000,1,567500,8,7,3,17689000,2891000,0,567500,0,567500
20640000,NORMAL:0,0.0015197568389057749,20640000,0,0,0,838142.8571428572,0,8,2891000,1,569155,8,7,3,17749000,2891000,0,569155,0,569155
20700000,NORMAL:0,0.0015197568389057749,20700000,0,0,0,838142.8571428572,0,8,2891000,1,570809,8,7,3,17809000,2891000,0,570809,0,570809
20760000,NORMAL:0,0.0015197568389057749,20760000,0,0,0,838142.8571428572,0,8,2891000,1,572463,8,7,3,17869000,2891000,0,572463,0,572463
20820000,NORMAL:0,0.0015197568389057749,20820000,0,0,0,838142.8571428572,0,8,2891000,1,574118,8,7,3,17929000,2891000,0,574118,0,574118
20880000,NORMAL:0,0.0015197568389057749,20880000,0,0,0,838142.8571428572,0,8,2891000,1,575772,8,7,3,17989000,2891000,0,575772,0,575772
20940000,NORMAL:0,0.0015197568389057749,20940000,0,0,0,838142.8571428572,0,8,2891000,1,577427,8,7,3,18049000,2891000,0,577427,0,577427
21000000,NORMAL:0,0.0015197568389057749,21000000,0,0,0,838142.8571428572,0,8,2891000,1,579083,8,7,3,18109000,2891000,0,579083,0,579083
21060000,NORMAL:0,0.0015197568389057749,21060000,0,0,0,838142.8571428572,0,8,2891000,1,580736,8,7,3,18169000,2891000,0,580736,0,580736
21120000,NORMAL:0,0.0015197568389057749,21120000,0,0,0,838142.8571428572,0,8,2891000,1,582392,8,7,3,18229000,2891000,0,582392,0,582392
21180000,NORMAL:0,0.0015197568389057749,21180000,0,0,0,838142.8571428572,0,8,2891000,1,584046,8,7,3,18289000,2891000,0,584046,0,584046
21240000,NORMAL:0,0.0015197568389057749,21240000,0,0,0,838142.8571428572,0,8,2891000,1,585701,8,7,3,18349000,2891000,0,585701,0,585701
21300000,NORMAL:0,0.0015197568389057749,21300000,0,0,0,838142.8571428572,0,8,2891000,1,587355,8,7,3,18409000,2891000,0,587355,0,587355
21360000,NORMAL:0,0.0015197568389057749,21360000,0,0,0,838142.8571428572,0,8,2891000,1,589011,8,7,3,18469000,2891000,0,589011,0,589011
21420000,NORMAL:0,0.0015197568389057749,21420000,0,0,0,838142.8571428572,0,8,2891000,1,590664,8,7,3,18529000,2891000,0,590664,0,590664
21480000,NORMAL:0,0.0015197568389057749,21480000,0,0,0,838142.8571428572,0,8,2891000,1,592320,8,7,3,18589000,2891000,0,592320,0,592320
21540000,NORMAL:0,0.0015197568389057749,21540000,0,0,0,838142.8571428572,0,8,2891000,1,593975,8,7,3,18649000,2891000,0,593975,0,593975
21600000,NORMAL:0,0.0015197568389057749,21600000,0,0,0,838142.8571428572,0,8,2891000,1,595627,8,7,3,18709000,2891000,0,595627,0,595627
21660000,NORMAL:0,0.0015197568389057749,21660000,0,0,0,838142.8571428572,0,8,2891000,1,597283,8,7,3,18769000,2891000,0,597283,0,597283
21720000,NORMAL:0,0.0015197568389057749,21720000,0,0,0,838142.8571428572,0,8,2891000,1,598938,8,7,3,18829000,2891000,0,598938,0,598938
21780000,NORMAL:0,0.0015197568389057749,21780000,0,0,0,733750.0,0,10,2891000,2,600593,10,8,1,18889000,2891000,0,600593,0,600593
21840000,NORMAL:0,0.0015197568389057749,21840000,0,0,0,733750.0,0,10,2891000,2,602248,10,8,1,18949000,2891000,0,602248,0,602248
21900000,NORMAL:0,0.0015197568389057749,21900000,0,0,0,733750.0,0,10,2891000,2,603901,10,8,2,19009000,2891000,0,603901,0,603901
21960000,NORMAL:0,0.0015197568389057749,21960000,0,0,0,733750.0,0,10,2891000,2,605557,10,8,2,19069000,2891000,0,605557,0,605557
22020000,NORMAL:0,0.0015197568389057749,22020000,0,0,0,733750.0,0,10,2891000,2,607210,10,8,2,19129000,2891000,0,607210,0,607210
22080000,NORMAL:0,0.0015197568389057749,22080000,0,0,0,733750.0,0,10,2891000,2,608867,10,8,2,19189000,2891000,0,608867,0,608867
22140000,NORMAL:0,0.0015197568389057749,22140000,0,0,0,733750.0,0,10,2891000,2,610521,10,8,2,19249000,2891000,0,610521,0,610521
22200000,NORMAL:0,0.0015197568389057749,22200000,0,0,0,733750.0,0,10,2891000,2,612175,10,8,2,19309000,2891000,0,612175,0,612175
22260000,NORMAL:0,0.0015197568389057749,22260000,0,0,0,733750.0,0,10,2891000,2,613830,10,8,2,19369000,2891000,0,613830,0,613830
22320000,NORMAL:0,0.0015197568389057749,22320000,0,0,0,733750.0,0,10,2891000,2,615484,10,8,2,19429000,2891000,0,615484,0,615484
22380000,NORMAL:0,0.0015197568389057749,22380000,0,0,0,733750.0,0,10,2891000,2,617140,10,8,2,19489000,2891000,0,617140,0,617140
22440000,NORMAL:0,0.0015197568389057749,22440000,0,0,0,733750.0,0,10,2891000,2,618795,10,8,2,19549000,2891000,0,618795,0,618795
22500000,NORMAL:0,0.0015197568389057749,22500000,0,0,0,733750.0,0,10,2891000,2,620447,10,8,2,19609000,2891000,0,620447,0,620447
22560000,NORMAL:0,0.0015197568389057749,22560000,0,0,0,733750.0,0,10,2891000,2,622104,10,8,2,19669000,2891000,0,622104,0,622104
22620000,NORMAL:0,0.0015197568389057749,22620000,0,0,0,733750.0,0,10,2891000,2,623758,10,8,2,19729000,2891000,0,623758,0,623758
22680000,NORMAL:0,0.0015197568389057749,22680000,0,0,0,733750.0,0,10,2891000,2,625413,10,8,2,19789000,2891000,0,625413,0,625413
22740000,NORMAL:0,0.0015197568389057749,22740000,0,0,0,733750.0,0,10,2891000,2,627066,10,8,2,19849000,2891000,0,627066,0,627066
22800000,NORMAL:0,0.0015197568389057749,22800000,0,0,0,733750.0,0,10,2891000,2,628722,10,8,2,19909000,2891000,0,628722,0,628722
22860000,NORMAL:0,0.0015197568389057749,22860000,0,0,0,733750.0,0,10,2891000,2,630376,10,8,2,19969000,2891000,0,630376,0,630376
22920000,NORMAL:0,0.0015197568389057749,22920000,0,0,0,733750.0,0,10,2891000,2,632032,10,8,2,20029000,2891000,0,632032,0,632032
22980000,NORMAL:0,0.0015197568389057749,22980000,0,0,0,733750.0,0,10,2891000,2,633687,10,8,2,20089000,2891000,0,633687,0,633687
23040000,NORMAL:0,0.0015197568389057749,23040000,0,0,0,733750.0,0,10,2891000,2,635340,10,8,2,20149000,2891000,0,635340,0,635340
23100000,NORMAL:0,0.0015197568389057749,23100000,0,0,0,733750.0,0,10,2891000,2,636994,10,8,2,20209000,2891000,0,636994,0,636994
23160000,NORMAL:0,0.0015197568389057749,23160000,0,0,0,733750.0,0,10,2891000,2,638650,10,8,2,20269000,2891000,0,638650,0,638650
23220000,NORMAL:0,0.0015197568389057749,23220000,0,0,0,733750.0,0,10,2891000,2,640304,10,8,2,20329000,2891000,0,640304,0,640304
23280000,NORMAL:0,0.0015197568389057749,23280000,0,0,0,733750.0,0,10,2891000,2,641960,10,8,2,20389000,2891000,0,641960,0,641960
23340000,NORMAL:0,0.0015197568389057749,23340000,0,0,0,733750.0,0,10,2891000,2,643614,10,8,2,20449000,2891000,0,643614,0,643614
23400000,NORMAL:0,0.0015197568389057749,23400000,0,0,0,733750.0,0,10,2891000,2,645268,10,8,2,20509000,2891000,0,645268,0,645268
23460000,NORMAL:0,0.0015197568389057749,23460000,0,0,0,733750.0,0,10,2891000,2,646923,10,8,2,20569000,2891000,0,646923,0,646923
23520000,NORMAL:0,0.0015197568389057749,23520000,0,0,0,733750.0,0,10,2891000,2,648578,10,8,2,20629000,2891000,0,648578,0,648578
23580000,NORMAL:0,0.0015197568389057749,23580000,0,0,0,733750.0,0,10,2891000,2,650233,10,8,2,20689000,2891000,0,650233,0,650233
23640000,NORMAL:0,0.0015197568389057749,23640000,0,0,0,733750.0,0,10,2891000,2,651887,10,8,2,20749000,2891000,0,651887,0,651887
23700000,NORMAL:0,0.0015197568389057749,23700000,0,0,0,733750.0,0,10,2891000,2,653542,10,8,2,20809000,2891000,0,653542,0,653542
23760000,NORMAL:0,0.0015197568389057749,23760000,0,0,0,733750.0,0,10,2891000,2,655197,10,8,2,20869000,2891000,0,655197,0,655197
23820000,NORMAL:0,0.0015197568389057749,23820000,0,0,0,733750.0,0,10,2891000,2,656851,10,8,2,20929000,2891000,0,656851,0,656851
23880000,NORMAL:0,0.0015197568389057749,23880000,0,0,0,733750.0,0,10,2891000,2,658506,10,8,2,20989000,2891000,0,658506,0,658506
23940000,NORMAL:0,0.0015197568389057749,23940000,0,0,0,733750.0,0,10,2891000,2,660159,10,8,2,21049000,2891000,0,660159,0,660159
24000000,NORMAL:0,0.0015197568389057749,24000000,0,0,0,733750.0,0,10,2891000,2,661815,10,8,2,21109000,2891000,0,661815,0,661815
24060000,NORMAL:0,0.0015197568389057749,24060000,0,0,0,733750.0,0,10,2891000,2,663470,10,8,2,21169000,2891000,0,663470,0,663470
24120000,NORMAL:0,0.0015197568389057749,24120000,0,0,0,733750.0,0,10,2891000,2,665125,10,8,2,21229000,2891000,0,665125,0,665125
24180000,NORMAL:0,0.03698074974670719,24180000,0,0,0,733750.0,0,10,2891000,2,666779,10,8,2,21289000,2891000,0,666779,0,666779
24240000,NORMAL:0,0.03698074974670719,24240000,0,0,0,733750.0,0,10,2891000,2,668434,10,8,2,21349000,2891000,0,668434,0,668434
24300000,NORMAL:0,0.03698074974670719,24300000,0,0,0,733750.0,0,10,2891000,2,670087,10,8,2,21409000,2891000,0,670087,0,670087
24360000,NORMAL:0,0.03698074974670719,24360000,0,0,0,733750.0,0,10,2891000,2,671743,10,8,2,21469000,2891000,0,671743,0,671743
24420000,NORMAL:0,0.03698074974670719,24420000,0,0,0,733750.0,0,10,2891000,2,673398,10,8,2,21529000,2891000,0,673398,0,673398
24480000,NORMAL:0,0.03698074974670719,24480000,0,0,0,733750.0,0,10,2891000,2,675053,10,8,2,21589000,2891000,0,675053,0,675053
24540000,NORMAL:0,0.03698074974670719,24540000,0,0,0,733750.0,0,10,2891000,2,676707,10,8,2,21649000,2891000,0,676707,0,676707
24600000,NORMAL:0,0.03698074974670719,24600000,0,0,0,733750.0,0,10,2891000,2,678362,10,8,2,21709000,2891000,0,678362,0,678362
24660000,NORMAL:0,0.03698074974670719,24660000,0,0,0,733750.0,0,10,2891000,2,680016,10,8,2,21769000,2891000,0,680016,0,680016
24720000,NORMAL:0,0.03698074974670719,24720000,0,0,0,733750.0,0,10,2891000,2,681672,10,8,3,21829000,2891000,0,681672,0,681672
24780000,NORMAL:0,0.03698074974670719,24780000,0,0,0,733750.0,0,10,2891000,2,683325,10,8,3,21889000,2891000,0,683325,0,683325
24840000,NORMAL:0,0.03698074974670719,24840000,0,0,0,733750.0,0,10,2891000,2,684980,10,8,3,21949000,2891000,0,684980,0,684980
24900000,NORMAL:0,0.03698074974670719,24900000,0,0,0,733750.0,0,10,2891000,2,686635,10,8,3,22009000,2891000,0,686635,0,686635
24960000,NORMAL:0,0.03698074974670719,24960000,0,0,0,733750.0,0,10,2891000,2,688291,10,8,3,22069000,2891000,0,688291,0,688291
25020000,NORMAL:0,0.03698074974670719,25020000,0,0,0,733750.0,0,10,2891000,2,689943,10,8,3,22129000,2891000,0,689943,0,689943
25080000,NORMAL:0,0.03698074974670719,25080000,0,0,0,733750.0,0,10,2891000,2,691599,10,8,3,22189000,2891000,0,691599,0,691599
25140000,NORMAL:0,0.03698074974670719,25140000,0,0,0,652666.6666666666,0,11,2891000,2,693254,11,9,2,22249000,2891000,0,693254,0,693254
25200000,NORMAL:0,0.03698074974670719,25200000,0,0,0,652666.6666666666,0,11,2891000,2,694907,11,9,2,22309000,2891000,0,694907,0,694907
25260000,NORMAL:0,0.03698074974670719,25260000,0,0,0,652666.6666666666,0,11,2891000,2,696564,11,9,2,22369000,2891000,0,696564,0,696564
25320000,NORMAL:0,0.03698074974670719,25320000,0,0,0,652666.6666666666,0,11,2891000,2,698218,11,9,2,22429000,2891000,0,698218,0,698218
25380000,NORMAL:0,0.03698074974670719,25380000,0,0,0,652666.6666666666,0,11,2891000,2,699872,11,9,2,22489000,2891000,0,699872,0,699872
25440000,NORMAL:0,0.03698074974670719,25440000,0,0,0,652666.6666666666,0,11,2891000,2,701527,11,9,2,22549000,2891000,0,701527,0,701527
25500000,NORMAL:0,0.03698074974670719,25500000,0,0,0,652666.6666666666,0,11,2891000,2,703181,11,9,2,22609000,2891000,0,703181,0,703181
25560000,NORMAL:0,0.03698074974670719,25560000,0,0,0,652666.6666666666,0,11,2891000,2,704837,11,9,2,22669000,2891000,0,704837,0,704837
25620000,NORMAL:0,0.03698074974670719,25620000,0,0,0,652666.6666666666,0,11,2891000,2,706489,11,9,2,22729000,2891000,0,706489,0,706489
25680000,NORMAL:0,0.03698074974670719,25680000,0,0,0,652666.6666666666,0,11,2891000,2,708147,11,9,2,22789000,2891000,0,708147,0,708147
25740000,NORMAL:0,0.03698074974670719,25740000,0,0,0,652666.6666666666,0,11,2891000,2,709800,11,9,2,22849000,2891000,0,709800,0,709800
25800000,NORMAL:0,0.03698074974670719,25800000,0,0,0,652666.6666666666,0,11,2891000,2,711455,11,9,2,22909000,2891000,0,711455,0,711455
25860000,NORMAL:0,0.03698074974670719,25860000,0,0,0,652666.6666666666,0,11,2891000,2,713111,11,9,2,22969000,2891000,0,713111,0,713111
25920000,NORMAL:0,0.03698074974670719,25920000,0,0,0,652666.6666666666,0,11,2891000,2,714763,11,9,2,23029000,2891000,0,714763,0,714763
25980000,NORMAL:0,0.03698074974670719,25980000,0,0,0,652666.6666666666,0,11,2891000,2,716419,11,9,2,23089000,2891000,0,716419,0,716419
26040000,NORMAL:0,0.03698074974670719,26040000,0,0,0,652666.6666666666,0,11,2891000,2,718074,11,9,2,23149000,2891000,0,718074,0,718074
26100000,NORMAL:0,0.03698074974670719,26100000,0,0,0,652666.6666666666,0,11,2891000,2,719728,11,9,2,23209000,2891000,0,719728,0,719728
26160000,NORMAL:0,0.03698074974670719,26160000,0,0,0,652666.6666666666,0,11,2891000,2,721383,11,9,2,23269000,2891000,0,721383,0,721383
26220000,NORMAL:0,0.03698074974670719,26220000,0,0,0,652666.6666666666,0,11,2891000,2,723037,11,9,2,23329000,2891000,0,723037,0,723037
26280000,NORMAL:0,0.03698074974670719,26280000,0,0,0,652666.6666666666,0,11,2891000,2,724693,11,9,2,23389000,2891000,0,724693,0,724693
26340000,NORMAL:0,0.03698074974670719,26340000,0,0,0,652666.6666666666,0,11,2891000,2,726346,11,9,2,23449000,2891000,0,726346,0,726346
26400000,NORMAL:0,0.03748733535967578,26400000,0,0,0,652666.6666666666,0,11,2891000,2,728002,11,9,2,23509000,2891000,0,728002,0,728002
26460000,NORMAL:0,0.03748733535967578,26460000,0,0,0,652666.6666666666,0,11,2891000,2,729655,11,9,2,23569000,2891000,0,729655,0,729655
26520000,NORMAL:0,0.03748733535967578,26520000,0,0,0,652666.6666666666,0,11,2891000,2,731311,11,9,2,23629000,2891000,0,731311,0,731311
26580000,NORMAL:0,0.03748733535967578,26580000,0,0,0,652666.6666666666,0,11,2891000,2,732966,11,9,2,23689000,2891000,0,732966,0,732966
26640000,NORMAL:0,0.037993920972644375,26640000,0,0,0,652666.6666666666,0,11,2891000,2,734620,11,9,2,23749000,2891000,0,734620,0,734620
26700000,NORMAL:0,0.037993920972644375,26700000,0,0,0,652666.6666666666,0,11,2891000,2,736275,11,9,2,23809000,2891000,0,736275,0,736275
26760000,NORMAL:0,0.037993920972644375,26760000,0,0,0,652666.6666666666,0,11,2891000,2,737929,11,9,2,23869000,2891000,0,737929,0,737929
26820000,NORMAL:0,0.037993920972644375,26820000,0,0,0,652666.6666666666,0,11,2891000,2,739584,11,9,2,23929000,2891000,0,739584,0,739584
26880000,NORMAL:0,0.037993920972644375,26880000,0,0,0,652666.6666666666,0,11,2891000,2,741239,11,9,2,23989000,2891000,0,741239,0,741239
26940000,NORMAL:0,0.037993920972644375,26940000,0,0,0,652666.6666666666,0,11,2891000,2,742894,11,9,2,24049000,2891000,0,742894,0,742894
27000000,NORMAL:0,0.037993920972644375,27000000,0,0,0,652666.6666666666,0,11,2891000,2,744549,11,9,2,24109000,2891000,0,744549,0,744549
27060000,NORMAL:0,0.037993920972644375,27060000,0,0,0,652666.6666666666,0,11,2891000,2,746202,11,9,2,24169000,2891000,0,746202,0,746202
27120000,NORMAL:0,0.038500506585612965,27120000,0,0,0,652666.6666666666,0,11,2891000,2,747858,11,9,2,24229000,2891000,0,747858,0,747858
27180000,NORMAL:0,0.038500506585612965,27180000,0,0,0,652666.6666666666,0,11,2891000,2,749511,11,9,3,24289000,2891000,0,749511,0,749511
27240000,NORMAL:0,0.038500506585612965,27240000,0,0,0,588300.0,0,12,2891000,2,751168,12,10,2,24349000,2891000,0,751168,0,751168
27300000,NORMAL:0,0.038500506585612965,27300000,0,0,0,588300.0,0,12,2891000,2,752820,12,10,2,24409000,2891000,0,752820,0,752820
27360000,NORMAL:0,0.038500506585612965,27360000,0,0,0,588300.0,0,12,2891000,2,754476,12,10,2,24469000,2891000,0,754476,0,754476
27420000,NORMAL:0,0.039007092198581554,27420000,0,0,0,588300.0,0,12,2891000,2,756131,12,10,2,24529000,2891000,0,756131,0,756131
27480000,NORMAL:0,0.039007092198581554,27480000,0,0,0,588300.0,0,12,2891000,2,757786,12,10,2,24589000,2891000,0,757786,0,757786
27540000,NORMAL:0,0.039007092198581554,27540000,0,0,0,588300.0,0,12,2891000,2,759440,12,10,2,24649000,2891000,0,759440,0,759440
27600000,NORMAL:0,0.039007092198581554,27600000,0,0,0,588300.0,0,12,2891000,2,761094,12,10,2,24709000,2891000,0,761094,0,761094
27660000,NORMAL:0,0.039007092198581554,27660000,0,0,0,588300.0,0,12,2891000,2,762750,12,10,2,24769000,2891000,0,762750,0,762750
27720000,NORMAL:0,0.039007092198581554,27720000,0,0,0,588300.0,0,12,2891000,2,764403,12,10,2,24829000,2891000,0,764403,0,764403
27780000,NORMAL:0,0.039007092198581554,27780000,0,0,0,588300.0,0,12,2891000,2,766059,12,10,2,24889000,2891000,0,766059,0,766059
27840000,NORMAL:0,0.039007092198581554,27840000,0,0,0,588300.0,0,12,2891000,2,767715,12,10,2,24949000,2891000,0,767715,0,767715
27900000,NORMAL:0,0.039007092198581554,27900000,0,0,0,588300.0,0,12,2891000,2,769366,12,10,2,25009000,2891000,0,769366,0,769366
27960000,NORMAL:0,0.039007092198581554,27960000,0,0,0,588300.0,0,12,2891000,2,771023,12,10,2,25069000,2891000,0,771023,0,771023
28020000,NORMAL:0,0.039007092198581554,28020000,0,0,0,588300.0,0,12,2891000,2,772677,12,10,2,25129000,2891000,0,772677,0,772677
28080000,NORMAL:0,0.039513677811550144,28080000,0,0,0,588300.0,0,12,2891000,2,774333,12,10,2,25189000,2891000,0,774333,0,774333
28140000,NORMAL:0,0.039513677811550144,28140000,0,0,0,588300.0,0,12,2891000,2,775987,12,10,2,25249000,2891000,0,775987,0,775987
28200000,NORMAL:0,0.039513677811550144,28200000,0,0,0,588300.0,0,12,2891000,2,777641,12,10,2,25309000,2891000,0,777641,0,777641
28260000,NORMAL:0,0.039513677811550144,28260000,0,0,0,588300.0,0,12,2891000,2,779296,12,10,2,25369000,2891000,0,779296,0,779296
28320000,NORMAL:0,0.039513677811550144,28320000,0,0,0,588300.0,0,12,2891000,2,780950,12,10,2,25429000,2891000,0,780950,0,780950
28380000,NORMAL:0,0.039513677811550144,28380000,0,0,0,588300.0,0,12,2891000,2,782607,12,10,2,25489000,2891000,0,782607,0,782607
28440000,NORMAL:0,0.039513677811550144,28440000,0,0,0,588300.0,0,12,2891000,2,784259,12,10,2,25549000,2891000,0,784259,0,784259
28500000,NORMAL:0,0.05471124620060789,28500000,0,0,0,588300.0,0,12,2891000,2,785914,12,10,2,25609000,2891000,0,785914,0,785914
28560000,NORMAL:0,0.05471124620060789,28560000,0,0,0,588300.0,0,12,2891000,2,787570,12,10,2,25669000,2891000,0,787570,0,787570
28620000,NORMAL:0,0.05471124620060789,28620000,0,0,0,588300.0,0,12,2891000,2,789223,12,10,2,25729000,2891000,0,789223,0,789223
28680000,NORMAL:0,0.05471124620060789,28680000,0,0,0,588300.0,0,12,2891000,2,790880,12,10,2,25789000,2891000,0,790880,0,790880
28740000,NORMAL:0,0.05521783181357648,28740000,0,0,0,588300.0,0,12,2891000,2,792532,12,10,2,25849000,2891000,0,792532,0,792532
28800000,NORMAL:0,0.05521783181357648,28800000,0,0,0,588300.0,0,12,2891000,2,794188,12,10,2,25909000,2891000,0,794188,0,794188
28860000,NORMAL:0,0.05521783181357648,28860000,0,0,0,588300.0,0,12,2891000,2,795842,12,10,2,25969000,2891000,0,795842,0,795842
28920000,NORMAL:0,0.05521783181357648,28920000,0,0,0,588300.0,0,12,2891000,2,797498,12,10,2,26029000,2891000,0,797498,0,797498
28980000,NORMAL:0,0.05521783181357648,28980000,0,0,0,588300.0,0,12,2891000,2,799152,12,10,2,26089000,2891000,0,799152,0,799152
29040000,NORMAL:0,0.05521783181357648,29040000,0,0,0,588300.0,0,12,2891000,2,800806,12,10,2,26149000,2891000,0,800806,0,800806
29100000,NORMAL:0,0.05521783181357648,29100000,0,0,0,588300.0,0,12,2891000,2,802461,12,10,2,26209000,2891000,0,802461,0,802461
29160000,NORMAL:0,0.05521783181357648,29160000,0,0,0,588300.0,0,12,2891000,2,804116,12,10,2,26269000,2891000,0,804116,0,804116
29220000,NORMAL:0,0.05521783181357648,29220000,0,0,0,588300.0,0,12,2891000,2,805771,12,10,2,26329000,2891000,0,805771,0,805771
29280000,NORMAL:0,0.05521783181357648,29280000,0,0,0,588300.0,0,12,2891000,2,807427,12,10,2,26389000,2891000,0,807427,0,807427
29340000,NORMAL:0,0.05521783181357648,29340000,0,0,0,588300.0,0,12,2891000,2,809079,12,10,2,26449000,2891000,0,809079,0,809079
29400000,NORMAL:0,0.05521783181357648,29400000,0,0,0,588300.0,0,12,2891000,2,810734,12,10,2,26509000,2891000,0,810734,0,810734
29460000,NORMAL:0,0.05521783181357648,29460000,0,0,0,588300.0,0,12,2891000,2,812389,12,10,2,26569000,2891000,0,812389,0,812389
29520000,NORMAL:0,0.05521783181357648,29520000,0,0,0,588300.0,0,12,2891000,2,814044,12,10,2,26629000,2891000,0,814044,0,814044
29580000,NORMAL:0,0.05521783181357648,29580000,0,0,0,588300.0,0,12,2891000,2,815698,12,10,2,26689000,2891000,0,815698,0,815698
29640000,NORMAL:0,0.05521783181357648,29640000,0,0,0,588300.0,0,12,2891000,2,817354,12,10,2,26749000,2891000,0,817354,0,817354
29700000,NORMAL:0,0.05521783181357648,29700000,0,0,0,588300.0,0,12,2891000,2,819007,12,10,2,26809000,2891000,0,819007,0,819007
29760000,NORMAL:0,0.05521783181357648,29760000,0,0,0,588300.0,0,12,2891000,2,820663,12,10,2,26869000,2891000,0,820663,0,820663
29820000,NORMAL:0,0.05521783181357648,29820000,0,0,0,588300.0,0,12,2891000,2,822317,12,10,2,26929000,2891000,0,822317,0,822317
29880000,NORMAL:0,0.05521783181357648,29880000,0,0,0,588300.0,0,12,2891000,2,823971,12,10,2,26989000,2891000,0,823971,0,823971
29940000,NORMAL:0,0.05521783181357648,29940000,0,0,0,588300.0,0,12,2891000,2,825627,12,10,2,27049000,2891000,0,825627,0,825627
30000000,NORMAL:0,0.05521783181357648,30000000,0,0,0,588300.0,0,12,2891000,2,827281,12,10,2,27109000,2891000,0,827281,0,827281
30060000,NORMAL:0,0.055724417426545075,30060000,0,0,0,588300.0,0,12,2891000,2,828936,12,10,2,27169000,2891000,0,828936,0,828936
30120000,NORMAL:0,0.055724417426545075,30120000,0,0,0,588300.0,0,12,2891000,2,830591,12,10,2,27229000,2891000,0,830591,0,830591
30180000,NORMAL:0,0.055724417426545075,30180000,0,0,0,588300.0,0,12,2891000,2,832245,12,10,2,27289000,2891000,0,832245,0,832245
30240000,NORMAL:0,0.055724417426545075,30240000,0,0,0,588300.0,0,12,2891000,2,833899,12,10,2,27349000,2891000,0,833899,0,833899
30300000,NORMAL:0,0.055724417426545075,30300000,0,0,0,588300.0,0,12,2891000,2,835553,12,10,2,27409000,2891000,0,835553,0,835553
30360000,NORMAL:0,0.055724417426545075,30360000,0,0,0,588300.0,0,12,2891000,2,837211,12,10,2,27469000,2891000,0,837211,0,837211
30420000,NORMAL:0,0.055724417426545075,30420000,0,0,0,588300.0,0,12,2891000,2,838864,12,10,2,27529000,2891000,0,838864,0,838864
30480000,NORMAL:0,0.055724417426545075,30480000,0,0,0,588300.0,0,12,2891000,2,840519,12,10,2,27589000,2891000,0,840519,0,840519
30540000,NORMAL:0,0.055724417426545075,30540000,0,0,0,588300.0,0,12,2891000,2,842173,12,10,3,27649000,2891000,0,842173,0,842173
30600000,NORMAL:0,0.055724417426545075,30600000,0,0,0,588300.0,0,12,2891000,2,843827,12,10,3,27709000,2891000,0,843827,0,843827
30660000,NORMAL:0,0.055724417426545075,30660000,0,0,0,588300.0,0,12,2891000,2,845482,12,10,3,27769000,2891000,0,845482,0,845482
30720000,NORMAL:0,0.055724417426545075,30720000,0,0,0,588300.0,0,12,2891000,2,847137,12,10,3,27829000,2891000,0,847137,0,847137
30780000,NORMAL:0,0.055724417426545075,30780000,0,0,0,588300.0,0,12,2891000,2,848792,12,10,3,27889000,2891000,0,848792,0,848792
30840000,NORMAL:0,0.055724417426545075,30840000,0,0,0,588300.0,0,12,2891000,2,850447,12,10,3,27949000,2891000,0,850447,0,850447
30900000,NORMAL:0,0.055724417426545075,30900000,0,0,0,588300.0,0,12,2891000,2,852101,12,10,3,28009000,2891000,0,852101,0,852101
30960000,NORMAL:0,0.055724417426545075,30960000,0,0,0,588300.0,0,12,2891000,2,853756,12,10,3,28069000,2891000,0,853756,0,853756
31020000,NORMAL:0,0.055724417426545075,31020000,0,0,0,588300.0,0,12,2891000,2,855409,12,10,3,28129000,2891000,0,855409,0,855409
31080000,NORMAL:0,0.09118541033434649,31080000,0,0,0,588300.0,0,12,2891000,2,857065,12,10,3,28189000,2891000,0,857065,0,857065
31140000,NORMAL:0,0.09118541033434649,31140000,0,0,0,588300.0,0,12,2891000,2,858719,12,10,3,28249000,2891000,0,858719,0,858719
31200000,NORMAL:0,0.09118541033434649,31200000,0,0,0,588300.0,0,12,2891000,2,860375,12,10,3,28309000,2891000,0,860375,0,860375
31260000,NORMAL:0,0.09118541033434649,31260000,0,0,0,588300.0,0,12,2891000,2,862030,12,10,3,28369000,2891000,0,862030,0,862030
31320000,NORMAL:0,0.09118541033434649,31320000,0,0,0,588300.0,0,12,2891000,2,863683,12,10,3,28429000,2891000,0,863683,0,863683
31380000,NORMAL:0,0.09118541033434649,31380000,0,0,0,588300.0,0,12,2891000,2,865338,12,10,3,28489000,2891000,0,865338,0,865338
31440000,NORMAL:0,0.09118541033434649,31440000,0,0,0,588300.0,0,12,2891000,2,866993,12,10,3,28549000,2891000,0,866993,0,866993
31500000,NORMAL:0,0.09118541033434649,31500000,0,0,0,588300.0,0,12,2891000,2,868647,12,10,3,28609000,2891000,0,868647,0,868647
31560000,NORMAL:0,0.09118541033434649,31560000,0,0,0,588300.0,0,12,2891000,2,870304,12,10,3,28669000,2891000,0,870304,0,870304
31620000,NORMAL:0,0.09118541033434649,31620000,0,0,0,588300.0,0,12,2891000,2,871957,12,10,3,28729000,2891000,0,871957,0,871957
31680000,NORMAL:0,0.09118541033434649,31680000,0,0,0,588300.0,0,12,2891000,2,873612,12,10,3,28789000,2891000,0,873612,0,873612
31740000,NORMAL:0,0.09118541033434649,31740000,0,0,0,588300.0,0,12,2891000,2,875266,12,10,3,28849000,2891000,0,875266,0,875266
31800000,NORMAL:0,0.09118541033434649,31800000,0,0,0,588300.0,0,12,2891000,2,876921,12,10,3,28909000,2891000,0,876921,0,876921
31860000,NORMAL:0,0.09118541033434649,31860000,0,0,0,588300.0,0,12,2891000,2,878574,12,10,3,28969000,2891000,0,878574,0,878574
31920000,NORMAL:0,0.09118541033434649,31920000,0,0,0,588300.0,0,12,2891000,2,880230,12,10,3,29029000,2891000,0,880230,0,880230
31980000,NORMAL:0,0.09118541033434649,31980000,0,0,0,588300.0,0,12,2891000,2,881886,12,10,3,29089000,2891000,0,881886,0,881886
32040000,NORMAL:0,0.09118541033434649,32040000,0,0,0,588300.0,0,12,2891000,2,883540,12,10,3,29149000,2891000,0,883540,0,883540
32100000,NORMAL:0,0.09118541033434649,32100000,0,0,0,588300.0,0,12,2891000,2,885194,12,10,3,29209000,2891000,0,885194,0,885194
32160000,NORMAL:0,0.09118541033434649,32160000,0,0,0,588300.0,0,12,2891000,2,886849,12,10,3,29269000,2891000,0,886849,0,886849
32220000,NORMAL:0,0.09118541033434649,32220000,0,0,0,588300.0,0,12,2891000,2,888502,12,10,3,29329000,2891000,0,888502,0,888502
32280000,NORMAL:0,0.09118541033434649,32280000,0,0,0,588300.0,0,12,2891000,2,890159,12,10,3,29389000,2891000,0,890159,0,890159
32340000,NORMAL:0,0.09118541033434649,32340000,0,0,0,588300.0,0,12,2891000,2,891813,12,10,3,29449000,2891000,0,891813,0,891813
32400000,NORMAL:0,0.09118541033434649,32400000,0,0,0,588300.0,0,12,2891000,2,893468,12,10,3,29509000,2891000,0,893468,0,893468
32460000,NORMAL:0,0.09118541033434649,32460000,0,0,0,588300.0,0,12,2891000,2,895122,12,10,3,29569000,2891000,0,895122,0,895122
32520000,NORMAL:0,0.09118541033434649,32520000,0,0,0,588300.0,0,12,2891000,2,896777,12,10,3,29629000,2891000,0,896777,0,896777
32580000,NORMAL:0,0.09118541033434649,32580000,0,0,0,588300.0,0,12,2891000,2,898431,12,10,3,29689000,2891000,0,898431,0,898431
32640000,NORMAL:0,0.07598784194528874,32640000,0,0,0,908000.0,0,13,2891000,2,900086,13,11,3,29749000,2891000,0,900086,0,900086
32700000,NORMAL:0,0.07598784194528874,32700000,0,0,0,908000.0,0,13,2891000,2,901742,13,11,3,29809000,2891000,0,901742,0,901742
32760000,NORMAL:0,0.07598784194528874,32760000,0,0,0,908000.0,0,13,2891000,2,903395,13,11,3,29869000,2891000,0,903395,0,903395
32820000,NORMAL:0,0.07598784194528874,32820000,0,0,0,908000.0,0,13,2891000,2,905050,13,11,3,29929000,2891000,0,905050,0,905050
32880000,NORMAL:0,0.07598784194528874,32880000,0,0,0,908000.0,0,13,2891000,2,906706,13,11,3,29989000,2891000,0,906706,0,906706
32940000,NORMAL:0,0.07598784194528874,32940000,0,0,0,908000.0,0,13,2891000,2,908359,13,11,3,30049000,2891000,0,908359,0,908359
33000000,NORMAL:0,0.07598784194528874,33000000,0,0,0,908000.0,0,13,2891000,2,910013,13,11,3,30109000,2891000,0,910013,0,910013
33060000,NORMAL:0,0.04052684903748733,33060000,0,0,0,996916.6666666666,0,14,2891000,2,911669,14,12,2,30169000,2891000,0,911669,0,911669
33120000,NORMAL:0,0.04052684903748733,33120000,0,0,0,996916.6666666666,0,14,2891000,2,913324,14,12,2,30229000,2891000,0,913324,0,913324
33180000,NORMAL:0,0.04052684903748733,33180000,0,0,0,996916.6666666666,0,14,2891000,2,914978,14,12,2,30289000,2891000,0,914978,0,914978
33240000,NORMAL:0,0.04052684903748733,33240000,0,0,0,996916.6666666666,0,14,2891000,2,916634,14,12,2,30349000,2891000,0,916634,0,916634
33300000,NORMAL:0,0.04052684903748733,33300000,0,0,0,996916.6666666666,0,14,2891000,2,918286,14,12,2,30409000,2891000,0,918286,0,918286
33360000,NORMAL:0,0.04052684903748733,33360000,0,0,0,996916.6666666666,0,14,2891000,2,919942,14,12,2,30469000,2891000,0,919942,0,919942
33420000,NORMAL:0,0.04052684903748733,33420000,0,0,0,920307.6923076923,0,16,2947000,3,921596,16,13,0,30473000,2947000,0,921596,0,921596
33480000,NORMAL:0,0.04052684903748733,33480000,0,0,0,920307.6923076923,0,16,3007000,3,923252,16,13,0,30473000,3007000,0,923252,0,923252
33540000,NORMAL:0,0.04052684903748733,33540000,0,0,0,920307.6923076923,0,16,3011000,3,924907,16,13,1,30529000,3011000,0,924907,0,924907
33600000,NORMAL:0,0.04052684903748733,33600000,0,0,0,920307.6923076923,0,16,3011000,3,926560,16,13,1,30589000,3011000,0,926560,0,926560
33660000,NORMAL:0,0.04052684903748733,33660000,0,0,0,920307.6923076923,0,16,3011000,3,928215,16,13,1,30649000,3011000,0,928215,0,928215
33720000,NORMAL:0,0.04052684903748733,33720000,0,0,0,920307.6923076923,0,16,3011000,3,929870,16,13,1,30709000,3011000,0,929870,0,929870
33780000,NORMAL:0,0.04052684903748733,33780000,0,0,0,920307.6923076923,0,16,3011000,3,931525,16,13,1,30769000,3011000,0,931525,0,931525