time,state,measured_state,passed_time_in_NORMAL,passed_time_in_DEGRADED,passed_time_in_CRITICAL,passed_time_in_FAILURE,mean_reaction_time_degraded,mean_reaction_time_critical,total_maintenances,total_maintenance_time,unnecessary_maintenances,degraded_maintenances,critical_maintenances,total_broker_messages,upkeep_broker_messages,necessary_upkeep_broker_messages,available_teams,time_with_available_teams,time_without_available_teams,qlearning_epsilon,total_reward,total_positive_reward,total_positive_reward_qty,total_non_positive_reward,total_non_positive_reward_qty,qtable_size
0,NORMAL:0,0,0,0,0,0,0,0,0,0,0,0,0,0,0,0,4,0,0,1,0,0,0,0,0,16218
60000,NORMAL:0,0.0,60000,0,0,0,0,0,0,0,0,0,0,1606,0,0,4,60000,0,1e-06,3926.5,3926.5,1606,0,0,16218
120000,NORMAL:0,0.0,120000,0,0,0,0,0,0,0,0,0,0,3261,0,0,4,120000,0,1e-06,7979.0,7979.0,3261,0,0,16218
180000,NORMAL:0,0.0,180000,0,0,0,0,0,0,0,0,0,0,4915,0,0,4,180000,0,1e-06,12026.5,12026.5,4915,0,0,16218
240000,NORMAL:0,0.0,240000,0,0,0,0,0,0,0,0,0,0,6569,0,0,4,240000,0,1e-06,16078.0,16078.0,6569,0,0,16218
300000,NORMAL:0,0.0,300000,0,0,0,0,0,0,0,0,0,0,8224,0,0,4,300000,0,1e-06,20130.5,20130.5,8224,0,0,16218
360000,NORMAL:0,0.0,360000,0,0,0,0,0,0,0,0,0,0,9879,0,0,4,360000,0,1e-06,24183.0,24183.0,9879,0,0,16218
420000,NORMAL:0,0.0,420000,0,0,0,1000.0,0,1,0,0,1,0,11533,1,1,3,420000,0,1e-06,28836.268617021276,28836.268617021276,11533,0,0,16219
480000,NORMAL:0,0.0,480000,0,0,0,1000.0,0,1,0,0,1,0,13190,1,1,3,480000,0,1e-06,33909.39361702128,33909.39361702128,13190,0,0,16219
540000,NORMAL:0,0.0,540000,0,0,0,1000.0,0,1,0,0,1,0,14842,1,1,3,540000,0,1e-06,38966.26861702128,38966.26861702128,14842,0,0,16219
600000,NORMAL:0,0.0,600000,0,0,0,1000.0,0,1,0,0,1,0,16497,1,1,3,600000,0,1e-06,44031.89361702128,44031.89361702128,16497,0,0,16219
660000,NORMAL:0,0.0,660000,0,0,0,1000.0,0,1,0,0,1,0,18152,1,1,3,660000,0,1e-06,49092.51861702128,49092.51861702128,18152,0,0,16219
720000,NORMAL:0,0.0,720000,0,0,0,1000.0,0,1,0,0,1,0,19807,1,1,3,720000,0,1e-06,54163.14361702128,54163.14361702128,19807,0,0,16219
780000,NORMAL:0,0.0,780000,0,0,0,1000.0,0,1,0,0,1,0,21463,1,1,3,780000,0,1e-06,59230.01861702128,59230.01861702128,21463,0,0,16219
840000,NORMAL:0,0.0,840000,0,0,0,1000.0,0,1,0,0,1,0,23116,1,1,3,840000,0,1e-06,64288.14361702128,64288.14361702128,23116,0,0,16219
900000,NORMAL:0,0.0,900000,0,0,0,1000.0,0,1,0,0,1,0,24770,1,1,3,900000,0,1e-06,69352.51861702127,69352.51861702127,24770,0,0,16219
960000,NORMAL:0,0.0,960000,0,0,0,1000.0,0,1,0,0,1,0,26426,1,1,3,960000,0,1e-06,74419.39361702127,74419.39361702127,26426,0,0,16219
1020000,NORMAL:0,0.0,1020000,0,0,0,1000.0,0,1,0,0,1,0,28080,1,1,3,1020000,0,1e-06,79478.76861702127,79478.76861702127,28080,0,0,16219
1080000,NORMAL:0,0.0,1080000,0,0,0,1000.0,0,1,0,0,1,0,29735,1,1,3,1080000,0,1e-06,84549.39361702127,84549.39361702127,29735,0,0,16219
1140000,NORMAL:0,0.0,1140000,0,0,0,1000.0,0,1,0,0,1,0,31389,1,1,3,1140000,0,1e-06,89608.76861702127,89608.76861702127,31389,0,0,16219
1200000,NORMAL:0,0.0,1200000,0,0,0,1000.0,0,1,0,0,1,0,33045,1,1,3,1200000,0,1e-06,94680.64361702127,94680.64361702127,33045,0,0,16219
1260000,NORMAL:0,0.0,1260000,0,0,0,1000.0,0,1,0,0,1,0,34698,1,1,3,1260000,0,1e-06,99733.76861702127,99733.76861702127,34698,0,0,16219
1320000,NORMAL:0,0.0,1320000,0,0,0,1000.0,0,1,0,0,1,0,36354,1,1,3,1320000,0,1e-06,104805.64361702127,104805.64361702127,36354,0,0,16219
1380000,NORMAL:0,0.0,1380000,0,0,0,1000.0,0,1,0,0,1,0,38008,1,1,3,1380000,0,1e-06,109865.01861702127,109865.01861702127,38008,0,0,16219
1440000,NORMAL:0,0.0,1440000,0,0,0,1000.0,0,1,0,0,1,0,39662,1,1,3,1440000,0,1e-06,114929.39361702127,114929.39361702127,39662,0,0,16219
1500000,NORMAL:0,0.0,1500000,0,0,0,1000.0,0,1,0,0,1,0,41317,1,1,3,1500000,0,1e-06,119995.01861702127,119995.01861702127,41317,0,0,16219
1560000,NORMAL:0,0.0,1560000,0,0,0,1000.0,0,1,0,0,1,0,42973,1,1,3,1560000,0,1e-06,125061.89361702127,125061.89361702127,42973,0,0,16219
1620000,NORMAL:0,0.0,1620000,0,0,0,1000.0,0,1,0,0,1,0,44627,1,1,3,1620000,0,1e-06,130126.26861702127,130126.26861702127,44627,0,0,16219
1680000,NORMAL:0,0.0,1680000,0,0,0,1000.0,0,1,0,0,1,0,46281,1,1,3,1680000,0,1e-06,135185.64361702127,135185.64361702127,46281,0,0,16219
1740000,NORMAL:0,0.0,1740000,0,0,0,1000.0,0,1,0,0,1,0,47936,1,1,3,1740000,0,1e-06,140251.26861702127,140251.26861702127,47936,0,0,16219
1800000,NORMAL:0,0.0,1800000,0,0,0,1000.0,0,1,0,0,1,0,49590,1,1,3,1800000,0,1e-06,145315.64361702127,145315.64361702127,49590,0,0,16219
1860000,NORMAL:0,0.0,1860000,0,0,0,1000.0,0,1,0,0,1,0,51246,1,1,3,1860000,0,1e-06,150382.51861702127,150382.51861702127,51246,0,0,16219
1920000,NORMAL:0,0.0,1920000,0,0,0,1000.0,0,1,0,0,1,0,52902,1,1,3,1920000,0,1e-06,155454.39361702127,155454.39361702127,52902,0,0,16219
1980000,NORMAL:0,0.0,1980000,0,0,0,1000.0,0,1,0,0,1,0,54554,1,1,3,1980000,0,1e-06,160506.26861702127,160506.26861702127,54554,0,0,16219
2040000,NORMAL:0,0.0,2040000,0,0,0,1000.0,0,1,0,0,1,0,56210,1,1,3,2040000,0,1e-06,165578.14361702127,165578.14361702127,56210,0,0,16219
2100000,NORMAL:0,0.0,2100000,0,0,0,1000.0,0,1,0,0,1,0,57863,1,1,3,2100000,0,1e-06,170631.26861702127,170631.26861702127,57863,0,0,16219
2160000,NORMAL:0,0.0,2160000,0,0,0,1000.0,0,2,0,1,1,0,59519,2,1,2,2160000,0,1e-06,176627.51861702127,176635.51861702127,59518,-8.0,1,16219
2220000,NORMAL:0,0.0,2220000,0,0,0,1000.0,0,2,0,1,1,0,61172,2,1,2,2220000,0,1e-06,182697.26861702127,182705.26861702127,61171,-8.0,1,16219
2280000,NORMAL:0,0.0,2280000,0,0,0,1000.0,0,2,0,1,1,0,62829,2,1,3,2280000,0,1e-06,187846.01861702127,187854.01861702127,62828,-8.0,1,16219
2340000,NORMAL:0,0.0,2340000,0,0,0,1000.0,0,2,0,1,1,0,64483,2,1,3,2340000,0,1e-06,192910.39361702127,192918.39361702127,64482,-8.0,1,16219
2400000,NORMAL:0,0.035460992907801414,2400000,0,0,0,1000.0,0,2,0,1,1,0,66137,2,1,3,2400000,0,1e-06,197969.76861702127,197977.76861702127,66136,-8.0,1,16219
2460000,NORMAL:0,0.0,2460000,0,0,0,28500.0,0,4,0,2,2,0,67793,4,2,1,2460000,0,1e-06,203765.73936170212,203785.73936170212,67791,-20.0,2,16220
2520000,NORMAL:0,0.0,2520000,0,0,0,28500.0,0,4,0,2,2,0,69445,4,2,1,2520000,0,1e-06,210845.36436170212,210865.36436170212,69443,-20.0,2,16220
2580000,NORMAL:0,0.0,2580000,0,0,0,28500.0,0,4,0,2,2,0,71101,4,2,2,2580000,0,1e-06,217774.23936170212,217794.23936170212,71099,-20.0,2,16220
2640000,NORMAL:0,0.0,2640000,0,0,0,28500.0,0,4,0,2,2,0,72757,4,2,2,2640000,0,1e-06,223860.48936170212,223880.48936170212,72755,-20.0,2,16220
2700000,NORMAL:0,0.0,2700000,0,0,0,28500.0,0,4,0,2,2,0,74410,4,2,2,2700000,0,1e-06,229930.23936170212,229950.23936170212,74408,-20.0,2,16220
2760000,NORMAL:0,0.0,2760000,0,0,0,28500.0,0,4,0,2,2,0,76067,4,2,2,2760000,0,1e-06,236017.98936170212,236037.98936170212,76065,-20.0,2,16220
2820000,NORMAL:0,0.0,2820000,0,0,0,28500.0,0,4,0,2,2,0,77719,4,2,2,2820000,0,1e-06,242080.23936170212,242100.23936170212,77717,-20.0,2,16220
2880000,NORMAL:0,0.0,2880000,0,0,0,28500.0,0,4,0,2,2,0,79375,4,2,2,2880000,0,1e-06,248166.48936170212,248186.48936170212,79373,-20.0,2,16220
2940000,NORMAL:0,0.0,2940000,0,0,0,28500.0,0,4,0,2,2,0,81028,4,2,2,2940000,0,1e-06,254230.23936170212,254250.23936170212,81026,-20.0,2,16220
3000000,NORMAL:0,0.0,3000000,0,0,0,28500.0,0,4,0,2,2,0,82684,4,2,2,3000000,0,1e-06,260316.48936170212,260336.48936170212,82682,-20.0,2,16220
3060000,NORMAL:0,0.0,3060000,0,0,0,28500.0,0,4,0,2,2,0,84340,4,2,2,3060000,0,1e-06,266402.7393617021,266422.7393617021,84338,-20.0,2,16220
3120000,NORMAL:0,0.0,3120000,0,0,0,28500.0,0,4,0,2,2,0,85993,4,2,2,3120000,0,1e-06,272472.4893617021,272492.4893617021,85991,-20.0,2,16220
3180000,NORMAL:0,0.0,3180000,0,0,0,28500.0,0,4,0,2,2,0,87649,4,2,2,3180000,0,1e-06,278552.7393617021,278572.7393617021,87647,-20.0,2,16220
3240000,NORMAL:0,0.0,3240000,0,0,0,28500.0,0,4,0,2,2,0,89302,4,2,2,3240000,0,1e-06,284622.4893617021,284642.4893617021,89300,-20.0,2,16220
3300000,NORMAL:0,0.0,3300000,0,0,0,28500.0,0,4,0,2,2,0,90957,4,2,2,3300000,0,1e-06,290701.2393617021,290721.2393617021,90955,-20.0,2,16220
3360000,NORMAL:0,0.0,3360000,0,0,0,28500.0,0,4,0,2,2,0,92611,4,2,2,3360000,0,1e-06,296772.4893617021,296792.4893617021,92609,-20.0,2,16220
3420000,NORMAL:0,0.0,3420000,0,0,0,28500.0,0,4,0,2,2,0,94266,4,2,2,3420000,0,1e-06,302857.2393617021,302877.2393617021,94264,-20.0,2,16220
3480000,NORMAL:0,0.0,3480000,0,0,0,28500.0,0,4,0,2,2,0,95923,4,2,2,3480000,0,1e-06,308944.9893617021,308964.9893617021,95921,-20.0,2,16220
3540000,NORMAL:0,0.0,3540000,0,0,0,28500.0,0,4,0,2,2,0,97576,4,2,2,3540000,0,1e-06,315008.7393617021,315028.7393617021,97574,-20.0,2,16220
3600000,NORMAL:0,0.0,3600000,0,0,0,28500.0,0,4,0,2,2,0,99231,4,2,2,3600000,0,1e-06,321093.4893617021,321113.4893617021,99229,-20.0,2,16220
3660000,NORMAL:0,0.0,3660000,0,0,0,28500.0,0,4,0,2,2,0,100884,4,2,2,3660000,0,1e-06,327157.2393617021,327177.2393617021,100882,-20.0,2,16220
3720000,NORMAL:0,0.0,3720000,0,0,0,28500.0,0,4,0,2,2,0,102540,4,2,2,3720000,0,1e-06,333243.4893617021,333263.4893617021,102538,-20.0,2,16220
3780000,NORMAL:0,0.0,3780000,0,0,0,28500.0,0,4,0,2,2,0,104193,4,2,2,3780000,0,1e-06,339307.2393617021,339327.2393617021,104191,-20.0,2,16220
3840000,NORMAL:0,0.0,3840000,0,0,0,28500.0,0,4,0,2,2,0,105850,4,2,2,3840000,0,1e-06,345400.9893617021,345420.9893617021,105848,-20.0,2,16220
3900000,NORMAL:0,0.0,3900000,0,0,0,28500.0,0,4,0,2,2,0,107505,4,2,2,3900000,0,1e-06,351479.7393617021,351499.7393617021,107503,-20.0,2,16220
3960000,NORMAL:0,0.0,3960000,0,0,0,28500.0,0,4,0,2,2,0,109158,4,2,2,3960000,0,1e-06,357549.4893617021,357569.4893617021,109156,-20.0,2,16220
4020000,NORMAL:0,0.0,4020000,0,0,0,28500.0,0,4,0,2,2,0,110813,4,2,2,4020000,0,1e-06,363628.2393617021,363648.2393617021,110811,-20.0,2,16220
4080000,NORMAL:0,0.0,4080000,0,0,0,28500.0,0,4,0,2,2,0,112468,4,2,2,4080000,0,1e-06,369700.9893617021,369720.9893617021,112466,-20.0,2,16220
4140000,NORMAL:0,0.0,4140000,0,0,0,28500.0,0,4,0,2,2,0,114122,4,2,2,4140000,0,1e-06,375778.2393617021,375798.2393617021,114120,-20.0,2,16220
4200000,NORMAL:0,0.0,4200000,0,0,0,28500.0,0,4,0,2,2,0,115778,4,2,2,4200000,0,1e-06,381864.4893617021,381884.4893617021,115776,-20.0,2,16220
4260000,NORMAL:0,0.0,4260000,0,0,0,28500.0,0,4,0,2,2,0,117432,4,2,2,4260000,0,1e-06,387935.7393617021,387955.7393617021,117430,-20.0,2,16220
4320000,NORMAL:0,0.0,4320000,0,0,0,28500.0,0,4,0,2,2,0,119087,4,2,2,4320000,0,1e-06,394020.4893617021,394040.4893617021,119085,-20.0,2,16220
4380000,NORMAL:0,0.0,4380000,0,0,0,28500.0,0,4,0,2,2,0,120741,4,2,2,4380000,0,1e-06,400085.7393617021,400105.7393617021,120739,-20.0,2,16220
4440000,NORMAL:0,0.0,4440000,0,0,0,28500.0,0,4,0,2,2,0,122397,4,2,2,4440000,0,1e-06,406171.9893617021,406191.9893617021,122395,-20.0,2,16220
4500000,NORMAL:0,0.0,4500000,0,0,0,28500.0,0,4,0,2,2,0,124048,4,2,2,4500000,0,1e-06,412232.7393617021,412252.7393617021,124046,-20.0,2,16220
4560000,NORMAL:0,0.0,4560000,0,0,0,28500.0,0,4,0,2,2,0,125705,4,2,2,4560000,0,1e-06,418320.4893617021,418340.4893617021,125703,-20.0,2,16220
4620000,NORMAL:0,0.0,4620000,0,0,0,28500.0,0,4,0,2,2,0,127360,4,2,2,4620000,0,1e-06,424399.2393617021,424419.2393617021,127358,-20.0,2,16220
4680000,NORMAL:0,0.035460992907801414,4680000,0,0,0,28500.0,0,4,0,2,2,0,129015,4,2,2,4680000,0,1e-06,430477.9893617021,430497.9893617021,129013,-20.0,2,16220
4740000,NORMAL:0,0.035460992907801414,4740000,0,0,0,28500.0,0,4,0,2,2,0,130670,4,2,2,4740000,0,1e-06,436556.7393617021,436576.7393617021,130668,-20.0,2,16220
4800000,NORMAL:0,0.0,4800000,0,0,0,64666.666666666664,0,5,0,2,3,0,132323,5,3,1,4800000,0,1e-06,442987.91223404254,443007.91223404254,132321,-20.0,2,16220
4860000,NORMAL:0,0.01519756838905775,4860000,0,0,0,64666.666666666664,0,5,0,2,3,0,133978,5,3,1,4860000,0,1e-06,450079.78723404254,450099.78723404254,133976,-20.0,2,16220
4920000,NORMAL:0,0.01519756838905775,4920000,0,0,0,64666.666666666664,0,5,0,2,3,0,135632,5,3,1,4920000,0,1e-06,457162.91223404254,457182.91223404254,135630,-20.0,2,16220
4980000,NORMAL:0,0.01519756838905775,4980000,0,0,0,64666.666666666664,0,5,0,2,3,0,137289,5,3,1,4980000,0,1e-06,464265.28723404254,464285.28723404254,137287,-20.0,2,16220
5040000,NORMAL:0,0.01519756838905775,5040000,0,0,0,64666.666666666664,0,5,0,2,3,0,138943,5,3,1,5040000,0,1e-06,471355.41223404254,471375.41223404254,138941,-20.0,2,16220
5100000,NORMAL:0,0.01519756838905775,5100000,0,0,0,64666.666666666664,0,5,0,2,3,0,140596,5,3,1,5100000,0,1e-06,478436.78723404254,478456.78723404254,140594,-20.0,2,16220
5160000,NORMAL:0,0.01519756838905775,5160000,0,0,0,64666.666666666664,0,5,0,2,3,0,142253,5,3,1,5160000,0,1e-06,485539.16223404254,485559.16223404254,142251,-20.0,2,16220
5220000,NORMAL:0,0.01519756838905775,5220000,0,0,0,64666.666666666664,0,5,0,2,3,0,143905,5,3,1,5220000,0,1e-06,492611.78723404254,492631.78723404254,143903,-20.0,2,16220
5280000,NORMAL:0,0.01519756838905775,5280000,0,0,0,64666.666666666664,0,5,0,2,3,0,145562,5,3,1,5280000,0,1e-06,499714.16223404254,499734.16223404254,145560,-20.0,2,16220
5340000,NORMAL:0,0.01519756838905775,5340000,0,0,0,64666.666666666664,0,5,0,2,3,0,147216,5,3,1,5340000,0,1e-06,506797.28723404254,506817.28723404254,147214,-20.0,2,16220
5400000,NORMAL:0,0.01519756838905775,5400000,0,0,0,64666.666666666664,0,5,0,2,3,0,148870,5,3,1,5400000,0,1e-06,513894.41223404254,513914.41223404254,148868,-20.0,2,16220
5460000,NORMAL:0,0.01519756838905775,5460000,0,0,0,64666.666666666664,0,5,0,2,3,0,150525,5,3,1,5460000,0,1e-06,520979.28723404254,520999.28723404254,150523,-20.0,2,16220
5520000,NORMAL:0,0.0303951367781155,5520000,0,0,0,64666.666666666664,0,5,0,2,3,0,152180,5,3,1,5520000,0,1e-06,528071.1622340425,528091.1622340425,152178,-20.0,2,16220
5580000,NORMAL:0,0.0303951367781155,5580000,0,0,0,64666.666666666664,0,5,0,2,3,0,153835,5,3,1,5580000,0,1e-06,535163.0372340425,535183.0372340425,153833,-20.0,2,16220
5640000,NORMAL:0,0.0303951367781155,5640000,0,0,0,64666.666666666664,0,5,0,2,3,0,155488,5,3,1,5640000,0,1e-06,542244.4122340425,542264.4122340425,155486,-20.0,2,16220
5700000,NORMAL:0,0.0303951367781155,5700000,0,0,0,64666.666666666664,0,5,0,2,3,0,157143,5,3,1,5700000,0,1e-06,549336.2872340425,549356.2872340425,157141,-20.0,2,16220
5760000,NORMAL:0,0.0303951367781155,5760000,0,0,0,64666.666666666664,0,5,0,2,3,0,158799,5,3,1,5760000,0,1e-06,556436.9122340425,556456.9122340425,158797,-20.0,2,16220
5820000,NORMAL:0,0.01519756838905775,5820000,0,0,0,123500.0,0,6,0,2,4,0,160453,6,4,1,5820000,0,1e-06,562989.0117781155,563009.0117781155,160451,-20.0,2,16220
5880000,NORMAL:0,0.01519756838905775,5880000,0,0,0,123500.0,0,6,0,2,4,0,162109,6,4,1,5880000,0,1e-06,570082.6367781155,570102.6367781155,162107,-20.0,2,16220
5940000,NORMAL:0,0.01519756838905775,5940000,0,0,0,123500.0,0,6,0,2,4,0,163761,6,4,1,5940000,0,1e-06,577162.2617781155,577182.2617781155,163759,-20.0,2,16220
6000000,NORMAL:0,0.01519756838905775,6000000,0,0,0,123500.0,0,6,0,2,4,0,165417,6,4,1,6000000,0,1e-06,584262.8867781155,584282.8867781155,165415,-20.0,2,16220
6060000,NORMAL:0,0.01519756838905775,6060000,0,0,0,123500.0,0,6,0,2,4,0,167071,6,4,1,6060000,0,1e-06,591339.0117781155,591359.0117781155,167069,-20.0,2,16220
6120000,NORMAL:0,0.01519756838905775,6120000,0,0,0,123500.0,0,6,0,2,4,0,168726,6,4,1,6120000,0,1e-06,598437.8867781155,598457.8867781155,168724,-20.0,2,16220
6180000,NORMAL:0,0.01519756838905775,6180000,0,0,0,123500.0,0,6,0,2,4,0,170382,6,4,1,6180000,0,1e-06,605531.5117781155,605551.5117781155,170380,-20.0,2,16220
6240000,NORMAL:0,0.01519756838905775,6240000,0,0,0,123500.0,0,6,0,2,4,0,172036,6,4,1,6240000,0,1e-06,612621.6367781155,612641.6367781155,172034,-20.0,2,16220
6300000,NORMAL:0,0.01519756838905775,6300000,0,0,0,123500.0,0,6,0,2,4,0,173689,6,4,1,6300000,0,1e-06,619703.0117781155,619723.0117781155,173687,-20.0,2,16220
6360000,NORMAL:0,0.01519756838905775,6360000,0,0,0,123500.0,0,6,0,2,4,0,175345,6,4,1,6360000,0,1e-06,626796.6367781155,626816.6367781155,175343,-20.0,2,16220
6420000,NORMAL:0,0.01519756838905775,6420000,0,0,0,123500.0,0,6,0,2,4,0,177000,6,4,1,6420000,0,1e-06,633888.5117781155,633908.5117781155,176998,-20.0,2,16220
6480000,NORMAL:0,0.01519756838905775,6480000,0,0,0,123500.0,0,6,0,2,4,0,178655,6,4,1,6480000,0,1e-06,640980.3867781155,641000.3867781155,178653,-20.0,2,16220
6540000,NORMAL:0,0.01519756838905775,6540000,0,0,0,123500.0,0,6,0,2,4,0,180309,6,4,1,6540000,0,1e-06,648070.5117781155,648090.5117781155,180307,-20.0,2,16220
6600000,NORMAL:0,0.01519756838905775,6600000,0,0,0,123500.0,0,6,0,2,4,0,181964,6,4,1,6600000,0,1e-06,655162.3867781155,655182.3867781155,181962,-20.0,2,16220
6660000,NORMAL:0,0.01519756838905775,6660000,0,0,0,123500.0,0,6,0,2,4,0,183618,6,4,1,6660000,0,1e-06,662245.5117781155,662265.5117781155,183616,-20.0,2,16220
6720000,NORMAL:0,0.01519756838905775,6720000,0,0,0,123500.0,0,6,0,2,4,0,185273,6,4,1,6720000,0,1e-06,669337.3867781155,669357.3867781155,185271,-20.0,2,16220
6780000,NORMAL:0,0.01519756838905775,6780000,0,0,0,123500.0,0,6,0,2,4,0,186927,6,4,1,6780000,0,1e-06,676420.5117781155,676440.5117781155,186925,-20.0,2,16220
6840000,NORMAL:0,0.01519756838905775,6840000,0,0,0,123500.0,0,6,0,2,4,0,188582,6,4,1,6840000,0,1e-06,683519.3867781155,683539.3867781155,188580,-20.0,2,16220
6900000,NORMAL:0,0.01519756838905775,6900000,0,0,0,123500.0,0,6,0,2,4,0,190236,6,4,1,6900000,0,1e-06,690602.5117781155,690622.5117781155,190234,-20.0,2,16220
6960000,NORMAL:0,0.01519756838905775,6960000,0,0,0,123500.0,0,6,0,2,4,0,191893,6,4,1,6960000,0,1e-06,697704.8867781155,697724.8867781155,191891,-20.0,2,16220
7020000,NORMAL:0,0.01519756838905775,7020000,0,0,0,101800.0,0,7,4000,2,5,0,193546,7,5,0,7016000,4000,1e-06,704824.2997720365,704844.2997720365,193544,-20.0,2,16220
7080000,NORMAL:0,0.01519756838905775,7080000,0,0,0,101800.0,0,7,64000,2,5,0,195201,7,5,0,7016000,64000,1e-06,712929.2997720365,712949.2997720365,195199,-20.0,2,16220
7140000,NORMAL:0,0.01519756838905775,7140000,0,0,0,101800.0,0,7,124000,2,5,0,196855,7,5,0,7016000,124000,1e-06,721024.2997720365,721044.2997720365,196853,-20.0,2,16220
7200000,NORMAL:0,0.01519756838905775,7200000,0,0,0,101800.0,0,7,184000,2,5,0,198509,7,5,0,7016000,184000,1e-06,729127.2997720365,729147.2997720365,198507,-20.0,2,16220
7260000,NORMAL:0,0.01519756838905775,7260000,0,0,0,101800.0,0,7,244000,2,5,0,200165,7,5,0,7016000,244000,1e-06,737234.2997720365,737254.2997720365,200163,-20.0,2,16220
7320000,NORMAL:0,0.01519756838905775,7320000,0,0,0,101800.0,0,7,304000,2,5,0,201821,7,5,0,7016000,304000,1e-06,745349.2997720365,745369.2997720365,201819,-20.0,2,16220
7380000,NORMAL:0,0.01519756838905775,7380000,0,0,0,101800.0,0,7,364000,2,5,0,203474,7,5,0,7016000,364000,1e-06,753442.2997720365,753462.2997720365,203472,-20.0,2,16220
7440000,NORMAL:0,0.01519756838905775,7440000,0,0,0,101800.0,0,7,424000,2,5,0,205129,7,5,0,7016000,424000,1e-06,761547.2997720365,761567.2997720365,205127,-20.0,2,16220
7500000,NORMAL:0,0.01519756838905775,7500000,0,0,0,101800.0,0,7,484000,2,5,0,206783,7,5,0,7016000,484000,1e-06,769642.2997720365,769662.2997720365,206781,-20.0,2,16220
7560000,NORMAL:0,0.01519756838905775,7560000,0,0,0,101800.0,0,7,544000,2,5,0,208438,7,5,0,7016000,544000,1e-06,777747.2997720365,777767.2997720365,208436,-20.0,2,16220
7620000,NORMAL:0,0.01519756838905775,7620000,0,0,0,101800.0,0,7,604000,2,5,0,210093,7,5,0,7016000,604000,1e-06,785852.2997720365,785872.2997720365,210091,-20.0,2,16220
7680000,NORMAL:0,0.01519756838905775,7680000,0,0,0,101800.0,0,7,664000,2,5,0,211748,7,5,0,7016000,664000,1e-06,793957.2997720365,793977.2997720365,211746,-20.0,2,16220
7740000,NORMAL:0,0.01519756838905775,7740000,0,0,0,101800.0,0,7,724000,2,5,0,213402,7,5,0,7016000,724000,1e-06,802060.2997720365,802080.2997720365,213400,-20.0,2,16220
7800000,NORMAL:0,0.01519756838905775,7800000,0,0,0,101800.0,0,7,784000,2,5,0,215057,7,5,0,7016000,784000,1e-06,810165.2997720365,810185.2997720365,215055,-20.0,2,16220
7860000,NORMAL:0,0.01519756838905775,7860000,0,0,0,101800.0,0,7,809000,2,5,0,216712,7,5,1,7051000,809000,1e-06,817677.6747720365,817697.6747720365,216710,-20.0,2,16220
7920000,NORMAL:0,0.01519756838905775,7920000,0,0,0,101800.0,0,7,809000,2,5,0,218365,7,5,1,7111000,809000,1e-06,824766.0497720365,824786.0497720365,218363,-20.0,2,16220
7980000,NORMAL:0,0.01519756838905775,7980000,0,0,0,101800.0,0,7,809000,2,5,0,220020,7,5,1,7171000,809000,1e-06,831850.9247720365,831870.9247720365,220018,-20.0,2,16220
8040000,NORMAL:0,0.01519756838905775,8040000,0,0,0,101800.0,0,7,809000,2,5,0,221676,7,5,1,7231000,809000,1e-06,838951.5497720365,838971.5497720365,221674,-20.0,2,16220
8100000,NORMAL:0,0.01519756838905775,8100000,0,0,0,101800.0,0,7,809000,2,5,0,223330,7,5,1,7291000,809000,1e-06,846041.6747720365,846061.6747720365,223328,-20.0,2,16220
8160000,NORMAL:0,0.01519756838905775,8160000,0,0,0,101800.0,0,7,809000,2,5,0,224986,7,5,1,7351000,809000,1e-06,853135.2997720365,853155.2997720365,224984,-20.0,2,16220
8220000,NORMAL:0,0.01519756838905775,8220000,0,0,0,101800.0,0,7,809000,2,5,0,226639,7,5,1,7411000,809000,1e-06,860216.6747720365,860236.6747720365,226637,-20.0,2,16220
8280000,NORMAL:0,0.01519756838905775,8280000,0,0,0,101800.0,0,7,809000,2,5,0,228294,7,5,1,7471000,809000,1e-06,867308.5497720365,867328.5497720365,228292,-20.0,2,16220
8340000,NORMAL:0,0.01519756838905775,8340000,0,0,0,101800.0,0,7,809000,2,5,0,229948,7,5,1,7531000,809000,1e-06,874391.6747720365,874411.6747720365,229946,-20.0,2,16220
8400000,NORMAL:0,0.01519756838905775,8400000,0,0,0,101800.0,0,7,809000,2,5,0,231603,7,5,1,7591000,809000,1e-06,881483.5497720365,881503.5497720365,231601,-20.0,2,16220
8460000,NORMAL:0,0.05065856129685917,8460000,0,0,0,101800.0,0,7,809000,2,5,0,233258,7,5,1,7651000,809000,1e-06,888575.4247720365,888595.4247720365,233256,-20.0,2,16220
8520000,NORMAL:0,0.05065856129685917,8520000,0,0,0,101800.0,0,7,809000,2,5,0,234913,7,5,1,7711000,809000,1e-06,895674.2997720365,895694.2997720365,234911,-20.0,2,16220
8580000,NORMAL:0,0.05065856129685917,8580000,0,0,0,101800.0,0,7,809000,2,5,0,236568,7,5,1,7771000,809000,1e-06,902759.1747720365,902779.1747720365,236566,-20.0,2,16220
8640000,NORMAL:0,0.05065856129685917,8640000,0,0,0,101800.0,0,7,809000,2,5,0,238222,7,5,1,7831000,809000,1e-06,909849.2997720365,909869.2997720365,238220,-20.0,2,16220
8700000,NORMAL:0,0.05065856129685917,8700000,0,0,0,101800.0,0,7,809000,2,5,0,239876,7,5,1,7891000,809000,1e-06,916932.4247720365,916952.4247720365,239874,-20.0,2,16220
8760000,NORMAL:0,0.05065856129685917,8760000,0,0,0,101800.0,0,7,809000,2,5,0,241533,7,5,1,7951000,809000,1e-06,924034.7997720365,924054.7997720365,241531,-20.0,2,16220
8820000,NORMAL:0,0.05065856129685917,8820000,0,0,0,101800.0,0,7,809000,2,5,0,243184,7,5,1,8011000,809000,1e-06,931105.6747720365,931125.6747720365,243182,-20.0,2,16220
8880000,NORMAL:0,0.05065856129685917,8880000,0,0,0,101800.0,0,7,809000,2,5,0,244842,7,5,1,8071000,809000,1e-06,938216.7997720365,938236.7997720365,244840,-20.0,2,16220
8940000,NORMAL:0,0.01519756838905775,8940000,0,0,0,158166.66666666666,0,8,862000,2,6,0,246496,8,6,0,8078000,862000,1e-06,946198.7226443769,946218.7226443769,246494,-20.0,2,16220
9000000,NORMAL:0,0.01519756838905775,9000000,0,0,0,158166.66666666666,0,8,922000,2,6,0,248150,8,6,0,8078000,922000,1e-06,954301.7226443769,954321.7226443769,248148,-20.0,2,16220
9060000,NORMAL:0,0.01519756838905775,9060000,0,0,0,158166.66666666666,0,8,982000,2,6,0,249804,8,6,0,8078000,982000,1e-06,962396.7226443769,962416.7226443769,249802,-20.0,2,16220
9120000,NORMAL:0,0.01519756838905775,9120000,0,0,0,158166.66666666666,0,8,1042000,2,6,0,251459,8,6,0,8078000,1042000,1e-06,970501.7226443769,970521.7226443769,251457,-20.0,2,16220
9180000,NORMAL:0,0.01519756838905775,9180000,0,0,0,158166.66666666666,0,8,1102000,2,6,0,253114,8,6,0,8078000,1102000,1e-06,978606.7226443769,978626.7226443769,253112,-20.0,2,16220
9240000,NORMAL:0,0.01519756838905775,9240000,0,0,0,158166.66666666666,0,8,1162000,2,6,0,254768,8,6,0,8078000,1162000,1e-06,986701.7226443769,986721.7226443769,254766,-20.0,2,16220
9300000,NORMAL:0,0.01519756838905775,9300000,0,0,0,158166.66666666666,0,8,1222000,2,6,0,256424,8,6,0,8078000,1222000,1e-06,994816.7226443769,994836.7226443769,256422,-20.0,2,16220
9360000,NORMAL:0,0.01519756838905775,9360000,0,0,0,158166.66666666666,0,8,1282000,2,6,0,258078,8,6,0,8078000,1282000,1e-06,1002919.7226443769,1002939.7226443769,258076,-20.0,2,16220
9420000,NORMAL:0,0.05065856129685917,9420000,0,0,0,158166.66666666666,0,8,1342000,2,6,0,259732,8,6,0,8078000,1342000,1e-06,1011014.7226443769,1011034.7226443769,259730,-20.0,2,16220
9480000,NORMAL:0,0.05065856129685917,9480000,0,0,0,158166.66666666666,0,8,1402000,2,6,0,261388,8,6,0,8078000,1402000,1e-06,1019121.7226443769,1019141.7226443769,261386,-20.0,2,16220
9540000,NORMAL:0,0.05065856129685917,9540000,0,0,0,158166.66666666666,0,8,1462000,2,6,0,263041,8,6,0,8078000,1462000,1e-06,1027214.7226443769,1027234.7226443769,263039,-20.0,2,16220
9600000,NORMAL:0,0.05065856129685917,9600000,0,0,0,158166.66666666666,0,8,1522000,2,6,0,264697,8,6,0,8078000,1522000,1e-06,1035329.7226443769,1035349.7226443769,264695,-20.0,2,16220
9660000,NORMAL:0,0.05065856129685917,9660000,0,0,0,158166.66666666666,0,8,1582000,2,6,0,266351,8,6,0,8078000,1582000,1e-06,1043424.7226443769,1043444.7226443769,266349,-20.0,2,16220
9720000,NORMAL:0,0.05065856129685917,9720000,0,0,0,158166.66666666666,0,8,1642000,2,6,0,268006,8,6,0,8078000,1642000,1e-06,1051537.722644377,1051557.722644377,268004,-20.0,2,16220
9780000,NORMAL:0,0.05065856129685917,9780000,0,0,0,158166.66666666666,0,8,1702000,2,6,0,269661,8,6,0,8078000,1702000,1e-06,1059634.722644377,1059654.722644377,269659,-20.0,2,16220
9840000,NORMAL:0,0.05065856129685917,9840000,0,0,0,158166.66666666666,0,8,1762000,2,6,0,271316,8,6,0,8078000,1762000,1e-06,1067739.722644377,1067759.722644377,271314,-20.0,2,16220
9900000,NORMAL:0,0.05065856129685917,9900000,0,0,0,158166.66666666666,0,8,1822000,2,6,0,272970,8,6,0,8078000,1822000,1e-06,1075842.722644377,1075862.722644377,272968,-20.0,2,16220
9960000,NORMAL:0,0.05065856129685917,9960000,0,0,0,158166.66666666666,0,8,1882000,2,6,0,274624,8,6,0,8078000,1882000,1e-06,1083937.722644377,1083957.722644377,274622,-20.0,2,16220
10020000,NORMAL:0,0.05065856129685917,10020000,0,0,0,158166.66666666666,0,8,1942000,2,6,0,276279,8,6,0,8078000,1942000,1e-06,1092042.722644377,1092062.722644377,276277,-20.0,2,16220
10080000,NORMAL:0,0.05065856129685917,10080000,0,0,0,158166.66666666666,0,8,2002000,2,6,0,277934,8,6,0,8078000,2002000,1e-06,1100147.722644377,1100167.722644377,277932,-20.0,2,16220
10140000,NORMAL:0,0.05065856129685917,10140000,0,0,0,158166.66666666666,0,8,2062000,2,6,0,279589,8,6,0,8078000,2062000,1e-06,1108252.722644377,1108272.722644377,279587,-20.0,2,16220
10200000,NORMAL:0,0.01519756838905775,10200000,0,0,0,249142.85714285713,0,9,2120000,2,7,0,281243,9,7,0,8080000,2120000,1e-06,1116329.7705167176,1116349.7705167176,281241,-20.0,2,16220
10260000,NORMAL:0,0.01519756838905775,10260000,0,0,0,249142.85714285713,0,9,2180000,2,7,0,282897,9,7,0,8080000,2180000,1e-06,1124424.7705167176,1124444.7705167176,282895,-20.0,2,16220
10320000,NORMAL:0,0.01519756838905775,10320000,0,0,0,249142.85714285713,0,9,2240000,2,7,0,284553,9,7,0,8080000,2240000,1e-06,1132539.7705167176,1132559.7705167176,284551,-20.0,2,16220
10380000,NORMAL:0,0.01519756838905775,10380000,0,0,0,249142.85714285713,0,9,2300000,2,7,0,286207,9,7,0,8080000,2300000,1e-06,1140626.7705167176,1140646.7705167176,286205,-20.0,2,16220
10440000,NORMAL:0,0.01519756838905775,10440000,0,0,0,249142.85714285713,0,9,2360000,2,7,0,287863,9,7,0,8080000,2360000,1e-06,1148749.7705167176,1148769.7705167176,287861,-20.0,2,16220
10500000,NORMAL:0,0.01519756838905775,10500000,0,0,0,249142.85714285713,0,9,2420000,2,7,0,289515,9,7,0,8080000,2420000,1e-06,1156832.7705167176,1156852.7705167176,289513,-20.0,2,16220
10560000,NORMAL:0,0.01519756838905775,10560000,0,0,0,249142.85714285713,0,9,2480000,2,7,0,291172,9,7,0,8080000,2480000,1e-06,1164949.7705167176,1164969.7705167176,291170,-20.0,2,16220
10620000,NORMAL:0,0.01519756838905775,10620000,0,0,0,249142.85714285713,0,9,2540000,2,7,0,292825,9,7,0,8080000,2540000,1e-06,1173042.7705167176,1173062.7705167176,292823,-20.0,2,16220
10680000,NORMAL:0,0.01519756838905775,10680000,0,0,0,249142.85714285713,0,9,2600000,2,7,0,294481,9,7,0,8080000,2600000,1e-06,1181149.7705167176,1181169.7705167176,294479,-20.0,2,16220
10740000,NORMAL:0,0.01519756838905775,10740000,0,0,0,249142.85714285713,0,9,2660000,2,7,0,296136,9,7,0,8080000,2660000,1e-06,1189254.7705167176,1189274.7705167176,296134,-20.0,2,16220
10800000,NORMAL:0,0.01519756838905775,10800000,0,0,0,249142.85714285713,0,9,2720000,2,7,0,297788,9,7,0,8080000,2720000,1e-06,1197345.7705167176,1197365.7705167176,297786,-20.0,2,16220
10860000,NORMAL:0,0.01519756838905775,10860000,0,0,0,249142.85714285713,0,9,2780000,2,7,0,299445,9,7,0,8080000,2780000,1e-06,1205462.7705167176,1205482.7705167176,299443,-20.0,2,16220
10920000,NORMAL:0,0.01519756838905775,10920000,0,0,0,249142.85714285713,0,9,2840000,2,7,0,301099,9,7,0,8080000,2840000,1e-06,1213557.7705167176,1213577.7705167176,301097,-20.0,2,16220
10980000,NORMAL:0,0.01519756838905775,10980000,0,0,0,249142.85714285713,0,9,2900000,2,7,0,302754,9,7,0,8080000,2900000,1e-06,1221662.7705167176,1221682.7705167176,302752,-20.0,2,16220
11040000,NORMAL:0,0.01519756838905775,11040000,0,0,0,249142.85714285713,0,9,2960000,2,7,0,304410,9,7,0,8080000,2960000,1e-06,1229777.7705167176,1229797.7705167176,304408,-20.0,2,16220
11100000,NORMAL:0,0.01519756838905775,11100000,0,0,0,249142.85714285713,0,9,3020000,2,7,0,306062,9,7,0,8080000,3020000,1e-06,1237860.7705167176,1237880.7705167176,306060,-20.0,2,16220
11160000,NORMAL:0,0.01519756838905775,11160000,0,0,0,249142.85714285713,0,9,3080000,2,7,0,307718,9,7,0,8080000,3080000,1e-06,1245975.7705167176,1245995.7705167176,307716,-20.0,2,16220
11220000,NORMAL:0,0.01519756838905775,11220000,0,0,0,249142.85714285713,0,9,3136000,2,7,0,309372,9,7,1,8084000,3136000,1e-06,1254009.0205167176,1254029.0205167176,309370,-20.0,2,16220
11280000,NORMAL:0,0.01519756838905775,11280000,0,0,0,249142.85714285713,0,9,3136000,2,7,0,311029,9,7,1,8144000,3136000,1e-06,1261111.3955167176,1261131.3955167176,311027,-20.0,2,16220
11340000,NORMAL:0,0.01519756838905775,11340000,0,0,0,249142.85714285713,0,9,3136000,2,7,0,312680,9,7,1,8204000,3136000,1e-06,1268182.2705167176,1268202.2705167176,312678,-20.0,2,16220
11400000,NORMAL:0,0.01519756838905775,11400000,0,0,0,249142.85714285713,0,9,3136000,2,7,0,314336,9,7,1,8264000,3136000,1e-06,1275282.8955167176,1275302.8955167176,314334,-20.0,2,16220
11460000,NORMAL:0,0.01519756838905775,11460000,0,0,0,249142.85714285713,0,9,3136000,2,7,0,315992,9,7,1,8324000,3136000,1e-06,1282376.5205167176,1282396.5205167176,315990,-20.0,2,16220
11520000,NORMAL:0,0.01519756838905775,11520000,0,0,0,249142.85714285713,0,9,3136000,2,7,0,317645,9,7,1,8384000,3136000,1e-06,1289457.8955167176,1289477.8955167176,317643,-20.0,2,16220
11580000,NORMAL:0,0.01519756838905775,11580000,0,0,0,249142.85714285713,0,9,3136000,2,7,0,319301,9,7,1,8444000,3136000,1e-06,1296551.5205167176,1296571.5205167176,319299,-20.0,2,16220
11640000,NORMAL:0,0.01519756838905775,11640000,0,0,0,249142.85714285713,0,9,3136000,2,7,0,320955,9,7,1,8504000,3136000,1e-06,1303641.6455167176,1303661.6455167176,320953,-20.0,2,16220
11700000,NORMAL:0,0.01519756838905775,11700000,0,0,0,249142.85714285713,0,9,3136000,2,7,0,322609,9,7,1,8564000,3136000,1e-06,1310731.7705167176,1310751.7705167176,322607,-20.0,2,16220
11760000,NORMAL:0,0.01519756838905775,11760000,0,0,0,249142.85714285713,0,9,3136000,2,7,0,324264,9,7,1,8624000,3136000,1e-06,1317816.6455167176,1317836.6455167176,324262,-20.0,2,16220
11820000,NORMAL:0,0.01519756838905775,11820000,0,0,0,249142.85714285713,0,9,3136000,2,7,0,325919,9,7,1,8684000,3136000,1e-06,1324908.5205167176,1324928.5205167176,325917,-20.0,2,16220
11880000,NORMAL:0,0.01519756838905775,11880000,0,0,0,249142.85714285713,0,9,3136000,2,7,0,327575,9,7,1,8744000,3136000,1e-06,1332009.1455167176,1332029.1455167176,327573,-20.0,2,16220
11940000,NORMAL:0,0.01519756838905775,11940000,0,0,0,249142.85714285713,0,9,3136000,2,7,0,329227,9,7,1,8804000,3136000,1e-06,1339081.7705167176,1339101.7705167176,329225,-20.0,2,16220
12000000,NORMAL:0,0.0303951367781155,12000000,0,0,0,249142.85714285713,0,9,3136000,2,7,0,330884,9,7,1,8864000,3136000,1e-06,1346191.1455167176,1346211.1455167176,330882,-20.0,2,16220
12060000,NORMAL:0,0.01519756838905775,12060000,0,0,0,219500.0,0,10,3191000,2,8,0,332537,10,8,0,8869000,3191000,1e-06,1354185.7450607906,1354205.7450607906,332535,-20.0,2,16220
12120000,NORMAL:0,0.01519756838905775,12120000,0,0,0,219500.0,0,10,3251000,2,8,0,334193,10,8,0,8869000,3251000,1e-06,1362300.7450607906,1362320.7450607906,334191,-20.0,2,16220
12180000,NORMAL:0,0.01519756838905775,12180000,0,0,0,219500.0,0,10,3311000,2,8,0,335848,10,8,0,8869000,3311000,1e-06,1370397.7450607906,1370417.7450607906,335846,-20.0,2,16220
12240000,NORMAL:0,0.01519756838905775,12240000,0,0,0,219500.0,0,10,3371000,2,8,0,337501,10,8,0,8869000,3371000,1e-06,1378498.7450607906,1378518.7450607906,337499,-20.0,2,16220
12300000,NORMAL:0,0.01519756838905775,12300000,0,0,0,219500.0,0,10,3431000,2,8,0,339156,10,8,0,8869000,3431000,1e-06,1386603.7450607906,1386623.7450607906,339154,-20.0,2,16220
12360000,NORMAL:0,0.01519756838905775,12360000,0,0,0,219500.0,0,10,3491000,2,8,0,340811,10,8,0,8869000,3491000,1e-06,1394700.7450607906,1394720.7450607906,340809,-20.0,2,16220
12420000,NORMAL:0,0.01519756838905775,12420000,0,0,0,219500.0,0,10,3547000,2,8,0,342466,10,8,1,8873000,3547000,1e-06,1402751.9950607906,1402771.9950607906,342464,-20.0,2,16220
12480000,NORMAL:0,0.01519756838905775,12480000,0,0,0,219500.0,0,10,3547000,2,8,0,344120,10,8,1,8933000,3547000,1e-06,1409835.1200607906,1409855.1200607906,344118,-20.0,2,16220
12540000,NORMAL:0,0.01519756838905775,12540000,0,0,0,219500.0,0,10,3547000,2,8,0,345775,10,8,1,8993000,3547000,1e-06,1416926.9950607906,1416946.9950607906,345773,-20.0,2,16220
12600000,NORMAL:0,0.01519756838905775,12600000,0,0,0,219500.0,0,10,3547000,2,8,0,347429,10,8,1,9053000,3547000,1e-06,1424017.1200607906,1424037.1200607906,347427,-20.0,2,16220
12660000,NORMAL:0,0.01519756838905775,12660000,0,0,0,219500.0,0,10,3547000,2,8,0,349084,10,8,1,9113000,3547000,1e-06,1431101.9950607906,1431121.9950607906,349082,-20.0,2,16220
12720000,NORMAL:0,0.01519756838905775,12720000,0,0,0,219500.0,0,10,3547000,2,8,0,350740,10,8,1,9173000,3547000,1e-06,1438202.6200607906,1438222.6200607906,350738,-20.0,2,16220
12780000,NORMAL:0,0.01519756838905775,12780000,0,0,0,219500.0,0,10,3547000,2,8,0,352393,10,8,1,9233000,3547000,1e-06,1445283.9950607906,1445303.9950607906,352391,-20.0,2,16220
12840000,NORMAL:0,0.01519756838905775,12840000,0,0,0,219500.0,0,10,3547000,2,8,0,354049,10,8,1,9293000,3547000,1e-06,1452384.6200607906,1452404.6200607906,354047,-20.0,2,16220
12900000,NORMAL:0,0.01519756838905775,12900000,0,0,0,219500.0,0,10,3547000,2,8,0,355702,10,8,1,9353000,3547000,1e-06,1459458.9950607906,1459478.9950607906,355700,-20.0,2,16220
12960000,NORMAL:0,0.01519756838905775,12960000,0,0,0,219500.0,0,10,3547000,2,8,0,357358,10,8,1,9413000,3547000,1e-06,1466559.6200607906,1466579.6200607906,357356,-20.0,2,16220
13020000,NORMAL:0,0.01519756838905775,13020000,0,0,0,219500.0,0,10,3547000,2,8,0,359012,10,8,1,9473000,3547000,1e-06,1473642.7450607906,1473662.7450607906,359010,-20.0,2,16220
13080000,NORMAL:0,0.01519756838905775,13080000,0,0,0,219500.0,0,10,3547000,2,8,0,360667,10,8,1,9533000,3547000,1e-06,1480734.6200607906,1480754.6200607906,360665,-20.0,2,16220
13140000,NORMAL:0,0.01519756838905775,13140000,0,0,0,219500.0,0,10,3547000,2,8,0,362321,10,8,1,9593000,3547000,1e-06,1487824.7450607906,1487844.7450607906,362319,-20.0,2,16220
13200000,NORMAL:0,0.01519756838905775,13200000,0,0,0,219500.0,0,10,3547000,2,8,0,363976,10,8,1,9653000,3547000,1e-06,1494916.6200607906,1494936.6200607906,363974,-20.0,2,16220
13260000,NORMAL:0,0.01519756838905775,13260000,0,0,0,219500.0,0,10,3547000,2,8,0,365632,10,8,1,9713000,3547000,1e-06,1502010.2450607906,1502030.2450607906,365630,-20.0,2,16220
13320000,NORMAL:0,0.01519756838905775,13320000,0,0,0,219500.0,0,10,3547000,2,8,0,367286,10,8,1,9773000,3547000,1e-06,1509100.3700607906,1509120.3700607906,367284,-20.0,2,16220
13380000,NORMAL:0,0.01519756838905775,13380000,0,0,0,219500.0,0,10,3547000,2,8,0,368940,10,8,1,9833000,3547000,1e-06,1516183.4950607906,1516203.4950607906,368938,-20.0,2,16220
13440000,NORMAL:0,0.01519756838905775,13440000,0,0,0,219500.0,0,10,3547000,2,8,0,370595,10,8,1,9893000,3547000,1e-06,1523275.3700607906,1523295.3700607906,370593,-20.0,2,16220
13500000,NORMAL:0,0.01519756838905775,13500000,0,0,0,219500.0,0,10,3547000,2,8,0,372248,10,8,1,9953000,3547000,1e-06,1530356.7450607906,1530376.7450607906,372246,-20.0,2,16220
13560000,NORMAL:0,0.01519756838905775,13560000,0,0,0,219500.0,0,10,3547000,2,8,0,373906,10,8,1,10013000,3547000,1e-06,1537467.8700607906,1537487.8700607906,373904,-20.0,2,16220
13620000,NORMAL:0,0.01519756838905775,13620000,0,0,0,219500.0,0,10,3547000,2,8,0,375558,10,8,1,10073000,3547000,1e-06,1544540.4950607906,1544560.4950607906,375556,-20.0,2,16220
13680000,NORMAL:0,0.01519756838905775,13680000,0,0,0,219500.0,0,10,3547000,2,8,0,377214,10,8,1,10133000,3547000,1e-06,1551641.1200607906,1551661.1200607906,377212,-20.0,2,16220
13740000,NORMAL:0,0.01519756838905775,13740000,0,0,0,219500.0,0,10,3547000,2,8,0,378868,10,8,1,10193000,3547000,1e-06,1558724.2450607906,1558744.2450607906,378866,-20.0,2,16220
13800000,NORMAL:0,0.01519756838905775,13800000,0,0,0,219500.0,0,10,3547000,2,8,0,380523,10,8,1,10253000,3547000,1e-06,1565816.1200607906,1565836.1200607906,380521,-20.0,2,16220
13860000,NORMAL:0,0.01519756838905775,13860000,0,0,0,219500.0,0,10,3547000,2,8,0,382177,10,8,1,10313000,3547000,1e-06,1572899.2450607906,1572919.2450607906,382175,-20.0,2,16220
13920000,NORMAL:0,0.01519756838905775,13920000,0,0,0,219500.0,0,10,3547000,2,8,0,383831,10,8,1,10373000,3547000,1e-06,1579989.3700607906,1580009.3700607906,383829,-20.0,2,16220
13980000,NORMAL:0,0.01519756838905775,13980000,0,0,0,219500.0,0,10,3547000,2,8,0,385488,10,8,1,10433000,3547000,1e-06,1587091.7450607906,1587111.7450607906,385486,-20.0,2,16220
14040000,NORMAL:0,0.01519756838905775,14040000,0,0,0,219500.0,0,10,3547000,2,8,0,387141,10,8,1,10493000,3547000,1e-06,1594173.1200607906,1594193.1200607906,387139,-20.0,2,16220
14100000,NORMAL:0,0.01519756838905775,14100000,0,0,0,219500.0,0,10,3547000,2,8,0,388796,10,8,1,10553000,3547000,1e-06,1601264.9950607906,1601284.9950607906,388794,-20.0,2,16220
14160000,NORMAL:0,0.01519756838905775,14160000,0,0,0,219500.0,0,10,3547000,2,8,0,390452,10,8,1,10613000,3547000,1e-06,1608358.6200607906,1608378.6200607906,390450,-20.0,2,16220
14220000,NORMAL:0,0.01519756838905775,14220000,0,0,0,219500.0,0,10,3547000,2,8,0,392104,10,8,1,10673000,3547000,1e-06,1615438.2450607906,1615458.2450607906,392102,-20.0,2,16220
14280000,NORMAL:0,0.01519756838905775,14280000,0,0,0,219500.0,0,10,3547000,2,8,0,393760,10,8,1,10733000,3547000,1e-06,1622531.8700607906,1622551.8700607906,393758,-20.0,2,16220
14340000,NORMAL:0,0.01519756838905775,14340000,0,0,0,219500.0,0,10,3547000,2,8,0,395415,10,8,2,10793000,3547000,1e-06,1628735.6200607906,1628755.6200607906,395413,-20.0,2,16220
14400000,NORMAL:0,0.01519756838905775,14400000,0,0,0,219500.0,0,10,3547000,2,8,0,397070,10,8,2,10853000,3547000,1e-06,1634820.3700607906,1634840.3700607906,397068,-20.0,2,16220
14460000,NORMAL:0,0.01519756838905775,14460000,0,0,0,219500.0,0,10,3547000,2,8,0,398725,10,8,2,10913000,3547000,1e-06,1640893.1200607906,1640913.1200607906,398723,-20.0,2,16220
14520000,NORMAL:0,0.01519756838905775,14520000,0,0,0,219500.0,0,10,3547000,2,8,0,400379,10,8,2,10973000,3547000,1e-06,1646970.3700607906,1646990.3700607906,400377,-20.0,2,16220
14580000,NORMAL:0,0.01519756838905775,14580000,0,0,0,219500.0,0,10,3547000,2,8,0,402033,10,8,2,11033000,3547000,1e-06,1653041.6200607906,1653061.6200607906,402031,-20.0,2,16220
14640000,NORMAL:0,0.01519756838905775,14640000,0,0,0,219500.0,0,10,3547000,2,8,0,403688,10,8,2,11093000,3547000,1e-06,1659120.3700607906,1659140.3700607906,403686,-20.0,2,16220
14700000,NORMAL:0,0.01519756838905775,14700000,0,0,0,219500.0,0,10,3547000,2,8,0,405342,10,8,2,11153000,3547000,1e-06,1665191.6200607906,1665211.6200607906,405340,-20.0,2,16220
14760000,NORMAL:0,0.01519756838905775,14760000,0,0,0,219500.0,0,10,3547000,2,8,0,406997,10,8,2,11213000,3547000,1e-06,1671276.3700607906,1671296.3700607906,406995,-20.0,2,16220
14820000,NORMAL:0,0.01519756838905775,14820000,0,0,0,219500.0,0,10,3547000,2,8,0,408652,10,8,2,11273000,3547000,1e-06,1677355.1200607906,1677375.1200607906,408650,-20.0,2,16220
14880000,NORMAL:0,0.01519756838905775,14880000,0,0,0,195333.33333333334,0,11,3547000,2,9,0,410308,11,9,1,11333000,3547000,1e-06,1683554.542933131,1683574.542933131,410306,-20.0,2,16220
14940000,NORMAL:0,0.01519756838905775,14940000,0,0,0,195333.33333333334,0,11,3547000,2,9,0,411961,11,9,1,11393000,3547000,1e-06,1690635.917933131,1690655.917933131,411959,-20.0,2,16220
15000000,NORMAL:0,0.01519756838905775,15000000,0,0,0,195333.33333333334,0,11,3547000,2,9,0,413616,11,9,1,11453000,3547000,1e-06,1697727.792933131,1697747.792933131,413614,-20.0,2,16220
15060000,NORMAL:0,0.01519756838905775,15060000,0,0,0,195333.33333333334,0,11,3547000,2,9,0,415270,11,9,1,11513000,3547000,1e-06,1704810.917933131,1704830.917933131,415268,-20.0,2,16220
15120000,NORMAL:0,0.01519756838905775,15120000,0,0,0,195333.33333333334,0,11,3547000,2,9,0,416925,11,9,1,11573000,3547000,1e-06,1711909.792933131,1711929.792933131,416923,-20.0,2,16220
15180000,NORMAL:0,0.01519756838905775,15180000,0,0,0,195333.33333333334,0,11,3547000,2,9,0,418580,11,9,1,11633000,3547000,1e-06,1718994.667933131,1719014.667933131,418578,-20.0,2,16220
15240000,NORMAL:0,0.01519756838905775,15240000,0,0,0,195333.33333333334,0,11,3547000,2,9,0,420236,11,9,1,11693000,3547000,1e-06,1726095.292933131,1726115.292933131,420234,-20.0,2,16220
15300000,NORMAL:0,0.01519756838905775,15300000,0,0,0,195333.33333333334,0,11,3547000,2,9,0,421889,11,9,1,11753000,3547000,1e-06,1733176.667933131,1733196.667933131,421887,-20.0,2,16220
15360000,NORMAL:0,0.01519756838905775,15360000,0,0,0,195333.33333333334,0,11,3547000,2,9,0,423544,11,9,1,11813000,3547000,1e-06,1740268.542933131,1740288.542933131,423542,-20.0,2,16220
15420000,NORMAL:0,0.01519756838905775,15420000,0,0,0,195333.33333333334,0,11,3547000,2,9,0,425198,11,9,1,11873000,3547000,1e-06,1747351.667933131,1747371.667933131,425196,-20.0,2,16220
15480000,NORMAL:0,0.01519756838905775,15480000,0,0,0,195333.33333333334,0,11,3547000,2,9,0,426853,11,9,1,11933000,3547000,1e-06,1754443.542933131,1754463.542933131,426851,-20.0,2,16220
15540000,NORMAL:0,0.01519756838905775,15540000,0,0,0,195333.33333333334,0,11,3547000,2,9,0,428508,11,9,1,11993000,3547000,1e-06,1761535.417933131,1761555.417933131,428506,-20.0,2,16220
15600000,NORMAL:0,0.01519756838905775,15600000,0,0,0,195333.33333333334,0,11,3547000,2,9,0,430164,11,9,2,12053000,3547000,1e-06,1768322.292933131,1768342.292933131,430162,-20.0,2,16220
15660000,NORMAL:0,0.01519756838905775,15660000,0,0,0,195333.33333333334,0,11,3547000,2,9,0,431817,11,9,2,12113000,3547000,1e-06,1774392.042933131,1774412.042933131,431815,-20.0,2,16220
15720000,NORMAL:0,0.01519756838905775,15720000,0,0,0,195333.33333333334,0,11,3547000,2,9,0,433472,11,9,2,12173000,3547000,1e-06,1780470.792933131,1780490.792933131,433470,-20.0,2,16220
15780000,NORMAL:0,0.01519756838905775,15780000,0,0,0,195333.33333333334,0,11,3547000,2,9,0,435127,11,9,2,12233000,3547000,1e-06,1786543.542933131,1786563.542933131,435125,-20.0,2,16220
15840000,NORMAL:0,0.01519756838905775,15840000,0,0,0,195333.33333333334,0,11,3547000,2,9,0,436781,11,9,2,12293000,3547000,1e-06,1792620.792933131,1792640.792933131,436779,-20.0,2,16220
15900000,NORMAL:0,0.01519756838905775,15900000,0,0,0,195333.33333333334,0,11,3547000,2,9,0,438435,11,9,2,12353000,3547000,1e-06,1798698.042933131,1798718.042933131,438433,-20.0,2,16220
15960000,NORMAL:0,0.01519756838905775,15960000,0,0,0,195333.33333333334,0,11,3547000,2,9,0,440091,11,9,2,12413000,3547000,1e-06,1804778.292933131,1804798.292933131,440089,-20.0,2,16220
16020000,NORMAL:0,0.01519756838905775,16020000,0,0,0,195333.33333333334,0,11,3547000,2,9,0,441745,11,9,2,12473000,3547000,1e-06,1810855.542933131,1810875.542933131,441743,-20.0,2,16220
16080000,NORMAL:0,0.01519756838905775,16080000,0,0,0,195333.33333333334,0,11,3547000,2,9,0,443401,11,9,2,12533000,3547000,1e-06,1816935.792933131,1816955.792933131,443399,-20.0,2,16220
16140000,NORMAL:0,0.01519756838905775,16140000,0,0,0,195333.33333333334,0,11,3547000,2,9,0,445055,11,9,2,12593000,3547000,1e-06,1823007.042933131,1823027.042933131,445053,-20.0,2,16220
16200000,NORMAL:0,0.01519756838905775,16200000,0,0,0,195333.33333333334,0,11,3547000,2,9,0,446708,11,9,2,12653000,3547000,1e-06,1829082.792933131,1829102.792933131,446706,-20.0,2,16220
16260000,NORMAL:0,0.01519756838905775,16260000,0,0,0,195333.33333333334,0,11,3547000,2,9,0,448363,11,9,2,12713000,3547000,1e-06,1835155.542933131,1835175.542933131,448361,-20.0,2,16220
16320000,NORMAL:0,0.01519756838905775,16320000,0,0,0,195333.33333333334,0,11,3547000,2,9,0,450019,11,9,2,12773000,3547000,1e-06,1841241.792933131,1841261.792933131,450017,-20.0,2,16220
16380000,NORMAL:0,0.01519756838905775,16380000,0,0,0,195333.33333333334,0,11,3547000,2,9,0,451673,11,9,2,12833000,3547000,1e-06,1847313.042933131,1847333.042933131,451671,-20.0,2,16220
16440000,NORMAL:0,0.01519756838905775,16440000,0,0,0,195333.33333333334,0,11,3547000,2,9,0,453329,11,9,2,12893000,3547000,1e-06,1853399.292933131,1853419.292933131,453327,-20.0,2,16220
16500000,NORMAL:0,0.01519756838905775,16500000,0,0,0,195333.33333333334,0,11,3547000,2,9,0,454982,11,9,2,12953000,3547000,1e-06,1859469.042933131,1859489.042933131,454980,-20.0,2,16220
16560000,NORMAL:0,0.01519756838905775,16560000,0,0,0,195333.33333333334,0,11,3547000,2,9,0,456637,11,9,2,13013000,3547000,1e-06,1865547.792933131,1865567.792933131,456635,-20.0,2,16220
16620000,NORMAL:0,0.01519756838905775,16620000,0,0,0,195333.33333333334,0,11,3547000,2,9,0,458291,11,9,2,13073000,3547000,1e-06,1871619.042933131,1871639.042933131,458289,-20.0,2,16220
16680000,NORMAL:0,0.01519756838905775,16680000,0,0,0,195333.33333333334,0,11,3547000,2,9,0,459948,11,9,2,13133000,3547000,1e-06,1877706.792933131,1877726.792933131,459946,-20.0,2,16220
16740000,NORMAL:0,0.01519756838905775,16740000,0,0,0,195333.33333333334,0,11,3547000,2,9,0,461602,11,9,2,13193000,3547000,1e-06,1883784.042933131,1883804.042933131,461600,-20.0,2,16220
16800000,NORMAL:0,0.01519756838905775,16800000,0,0,0,195333.33333333334,0,11,3547000,2,9,0,463255,11,9,2,13253000,3547000,1e-06,1889853.792933131,1889873.792933131,463253,-20.0,2,16220
16860000,NORMAL:0,0.01519756838905775,16860000,0,0,0,195333.33333333334,0,11,3547000,2,9,0,464911,11,9,2,13313000,3547000,1e-06,1895934.042933131,1895954.042933131,464909,-20.0,2,16220
16920000,NORMAL:0,0.01519756838905775,16920000,0,0,0,195333.33333333334,0,11,3547000,2,9,0,466565,11,9,2,13373000,3547000,1e-06,1902011.292933131,1902031.292933131,466563,-20.0,2,16220
16980000,NORMAL:0,0.01519756838905775,16980000,0,0,0,195333.33333333334,0,11,3547000,2,9,0,468220,11,9,2,13433000,3547000,1e-06,1908084.042933131,1908104.042933131,468218,-20.0,2,16220
17040000,NORMAL:0,0.01519756838905775,17040000,0,0,0,195333.33333333334,0,11,3547000,2,9,0,469874,11,9,2,13493000,3547000,1e-06,1914161.292933131,1914181.292933131,469872,-20.0,2,16220
17100000,NORMAL:0,0.01519756838905775,17100000,0,0,0,195333.33333333334,0,11,3547000,2,9,0,471528,11,9,2,13553000,3547000,1e-06,1920238.542933131,1920258.542933131,471526,-20.0,2,16220
17160000,NORMAL:0,0.01519756838905775,17160000,0,0,0,195333.33333333334,0,11,3547000,2,9,0,473185,11,9,2,13613000,3547000,1e-06,1926326.292933131,1926346.292933131,473183,-20.0,2,16220
17220000,NORMAL:0,0.01519756838905775,17220000,0,0,0,195333.33333333334,0,11,3547000,2,9,0,474838,11,9,2,13673000,3547000,1e-06,1932390.042933131,1932410.042933131,474836,-20.0,2,16220
17280000,NORMAL:0,0.01519756838905775,17280000,0,0,0,195333.33333333334,0,11,3547000,2,9,0,476494,11,9,2,13733000,3547000,1e-06,1938476.292933131,1938496.292933131,476492,-20.0,2,16220
17340000,NORMAL:0,0.01519756838905775,17340000,0,0,0,195333.33333333334,0,11,3547000,2,9,0,478147,11,9,2,13793000,3547000,1e-06,1944546.042933131,1944566.042933131,478145,-20.0,2,16220
17400000,NORMAL:0,0.01519756838905775,17400000,0,0,0,195333.33333333334,0,11,3547000,2,9,0,479802,11,9,2,13853000,3547000,1e-06,1950624.792933131,1950644.792933131,479800,-20.0,2,16220
17460000,NORMAL:0,0.01519756838905775,17460000,0,0,0,195333.33333333334,0,11,3547000,2,9,0,481457,11,9,3,13913000,3547000,1e-06,1955779.042933131,1955799.042933131,481455,-20.0,2,16220
17520000,NORMAL:0,0.01519756838905775,17520000,0,0,0,195333.33333333334,0,11,3547000,2,9,0,483112,11,9,3,13973000,3547000,1e-06,1960844.667933131,1960864.667933131,483110,-20.0,2,16220
17580000,NORMAL:0,0.01519756838905775,17580000,0,0,0,195333.33333333334,0,11,3547000,2,9,0,484768,11,9,3,14033000,3547000,1e-06,1965911.542933131,1965931.542933131,484766,-20.0,2,16220
17640000,NORMAL:0,0.01519756838905775,17640000,0,0,0,195333.33333333334,0,11,3547000,2,9,0,486420,11,9,3,14093000,3547000,1e-06,1970968.417933131,1970988.417933131,486418,-20.0,2,16220
17700000,NORMAL:0,0.01519756838905775,17700000,0,0,0,195333.33333333334,0,11,3547000,2,9,0,488075,11,9,3,14153000,3547000,1e-06,1976034.042933131,1976054.042933131,488073,-20.0,2,16220
17760000,NORMAL:0,0.01519756838905775,17760000,0,0,0,195333.33333333334,0,11,3547000,2,9,0,489731,11,9,3,14213000,3547000,1e-06,1981100.917933131,1981120.917933131,489729,-20.0,2,16220
17820000,NORMAL:0,0.01519756838905775,17820000,0,0,0,195333.33333333334,0,11,3547000,2,9,0,491384,11,9,3,14273000,3547000,1e-06,1986159.042933131,1986179.042933131,491382,-20.0,2,16220
17880000,NORMAL:0,0.01519756838905775,17880000,0,0,0,195333.33333333334,0,11,3547000,2,9,0,493042,11,9,3,14333000,3547000,1e-06,1991238.417933131,1991258.417933131,493040,-20.0,2,16220
17940000,NORMAL:0,0.01519756838905775,17940000,0,0,0,195333.33333333334,0,11,3547000,2,9,0,494694,11,9,3,14393000,3547000,1e-06,1996290.292933131,1996310.292933131,494692,-20.0,2,16220
18000000,NORMAL:0,0.01519756838905775,18000000,0,0,0,195333.33333333334,0,11,3547000,2,9,0,496349,11,9,3,14453000,3547000,1e-06,2001360.917933131,2001380.917933131,496347,-20.0,2,16220
18060000,NORMAL:0,0.01519756838905775,18060000,0,0,0,195333.33333333334,0,11,3547000,2,9,0,498003,11,9,3,14513000,3547000,1e-06,2006415.292933131,2006435.292933131,498001,-20.0,2,16220
18120000,NORMAL:0,0.01519756838905775,18120000,0,0,0,195333.33333333334,0,11,3547000,2,9,0,499659,11,9,3,14573000,3547000,1e-06,2011487.167933131,2011507.167933131,499657,-20.0,2,16220
18180000,NORMAL:0,0.01519756838905775,18180000,0,0,0,195333.33333333334,0,11,3547000,2,9,0,501312,11,9,3,14633000,3547000,1e-06,2016545.292933131,2016565.292933131,501310,-20.0,2,16220
18240000,NORMAL:0,0.01519756838905775,18240000,0,0,0,195333.33333333334,0,11,3547000,2,9,0,502968,11,9,3,14693000,3547000,1e-06,2021617.167933131,2021637.167933131,502966,-20.0,2,16220
18300000,NORMAL:0,0.01519756838905775,18300000,0,0,0,195333.33333333334,0,11,3547000,2,9,0,504623,11,9,3,14753000,3547000,1e-06,2026682.792933131,2026702.792933131,504621,-20.0,2,16220
18360000,NORMAL:0,0.01519756838905775,18360000,0,0,0,195333.33333333334,0,11,3547000,2,9,0,506277,11,9,3,14813000,3547000,1e-06,2031742.167933131,2031762.167933131,506275,-20.0,2,16220
18420000,NORMAL:0,0.01519756838905775,18420000,0,0,0,195333.33333333334,0,11,3547000,2,9,0,507932,11,9,3,14873000,3547000,1e-06,2036807.792933131,2036827.792933131,507930,-20.0,2,16220
18480000,NORMAL:0,0.01519756838905775,18480000,0,0,0,195333.33333333334,0,11,3547000,2,9,0,509586,11,9,3,14933000,3547000,1e-06,2041867.167933131,2041887.167933131,509584,-20.0,2,16220
18540000,NORMAL:0,0.01519756838905775,18540000,0,0,0,195333.33333333334,0,11,3547000,2,9,0,511240,11,9,3,14993000,3547000,1e-06,2046931.542933131,2046951.542933131,511238,-20.0,2,16220
18600000,NORMAL:0,0.01519756838905775,18600000,0,0,0,195333.33333333334,0,11,3547000,2,9,0,512895,11,9,3,15053000,3547000,1e-06,2051997.167933131,2052017.167933131,512893,-20.0,2,16220
18660000,NORMAL:0,0.01519756838905775,18660000,0,0,0,195333.33333333334,0,11,3547000,2,9,0,514551,11,9,3,15113000,3547000,1e-06,2057064.042933131,2057084.042933131,514549,-20.0,2,16220
18720000,NORMAL:0,0.01519756838905775,18720000,0,0,0,176000.0,0,12,3547000,2,10,0,516206,12,10,2,15173000,3547000,1e-06,2062899.763677812,2062919.763677812,516204,-20.0,2,16221
18780000,NORMAL:0,0.01519756838905775,18780000,0,0,0,176000.0,0,12,3547000,2,10,0,517859,12,10,2,15233000,3547000,1e-06,2068963.513677812,2068983.513677812,517857,-20.0,2,16221
18840000,NORMAL:0,0.01519756838905775,18840000,0,0,0,176000.0,0,12,3547000,2,10,0,519515,12,10,2,15293000,3547000,1e-06,2075049.763677812,2075069.763677812,519513,-20.0,2,16221
18900000,NORMAL:0,0.01519756838905775,18900000,0,0,0,176000.0,0,12,3547000,2,10,0,521167,12,10,2,15353000,3547000,1e-06,2081112.013677812,2081132.013677812,521165,-20.0,2,16221
18960000,NORMAL:0,0.01519756838905775,18960000,0,0,0,176000.0,0,12,3547000,2,10,0,522824,12,10,2,15413000,3547000,1e-06,2087199.763677812,2087219.763677812,522822,-20.0,2,16221
19020000,NORMAL:0,0.01519756838905775,19020000,0,0,0,176000.0,0,12,3547000,2,10,0,524480,12,10,2,15473000,3547000,1e-06,2093286.013677812,2093306.013677812,524478,-20.0,2,16221
19080000,NORMAL:0,0.01519756838905775,19080000,0,0,0,176000.0,0,12,3547000,2,10,0,526133,12,10,2,15533000,3547000,1e-06,2099355.763677812,2099375.763677812,526131,-20.0,2,16221
19140000,NORMAL:0,0.01519756838905775,19140000,0,0,0,176000.0,0,12,3547000,2,10,0,527788,12,10,2,15593000,3547000,1e-06,2105434.513677812,2105454.513677812,527786,-20.0,2,16221
19200000,NORMAL:0,0.01519756838905775,19200000,0,0,0,176000.0,0,12,3547000,2,10,0,529442,12,10,2,15653000,3547000,1e-06,2111505.763677812,2111525.763677812,529440,-20.0,2,16221
19260000,NORMAL:0,0.01519756838905775,19260000,0,0,0,176000.0,0,12,3547000,2,10,0,531097,12,10,2,15713000,3547000,1e-06,2117584.513677812,2117604.513677812,531095,-20.0,2,16221
19320000,NORMAL:0,0.01519756838905775,19320000,0,0,0,176000.0,0,12,3547000,2,10,0,532750,12,10,2,15773000,3547000,1e-06,2123654.263677812,2123674.263677812,532748,-20.0,2,16221
19380000,NORMAL:0,0.01519756838905775,19380000,0,0,0,176000.0,0,12,3547000,2,10,0,534406,12,10,2,15833000,3547000,1e-06,2129734.513677812,2129754.513677812,534404,-20.0,2,16221
19440000,NORMAL:0,0.01519756838905775,19440000,0,0,0,176000.0,0,12,3547000,2,10,0,536062,12,10,2,15893000,3547000,1e-06,2135826.763677812,2135846.763677812,536060,-20.0,2,16221
19500000,NORMAL:0,0.01519756838905775,19500000,0,0,0,176000.0,0,12,3547000,2,10,0,537715,12,10,2,15953000,3547000,1e-06,2141890.513677812,2141910.513677812,537713,-20.0,2,16221
19560000,NORMAL:0,0.01519756838905775,19560000,0,0,0,176000.0,0,12,3547000,2,10,0,539372,12,10,2,16013000,3547000,1e-06,2147978.263677812,2147998.263677812,539370,-20.0,2,16221
19620000,NORMAL:0,0.01519756838905775,19620000,0,0,0,176000.0,0,12,3547000,2,10,0,541023,12,10,2,16073000,3547000,1e-06,2154039.013677812,2154059.013677812,541021,-20.0,2,16221
19680000,NORMAL:0,0.01519756838905775,19680000,0,0,0,176000.0,0,12,3547000,2,10,0,542680,12,10,2,16133000,3547000,1e-06,2160126.763677812,2160146.763677812,542678,-20.0,2,16221
19740000,NORMAL:0,0.01519756838905775,19740000,0,0,0,176000.0,0,12,3547000,2,10,0,544333,12,10,2,16193000,3547000,1e-06,2166190.513677812,2166210.513677812,544331,-20.0,2,16221
19800000,NORMAL:0,0.01519756838905775,19800000,0,0,0,176000.0,0,12,3547000,2,10,0,545989,12,10,2,16253000,3547000,1e-06,2172282.763677812,2172302.763677812,545987,-20.0,2,16221
19860000,NORMAL:0,0.01519756838905775,19860000,0,0,0,176000.0,0,12,3547000,2,10,0,547645,12,10,2,16313000,3547000,1e-06,2178363.013677812,2178383.013677812,547643,-20.0,2,16221
19920000,NORMAL:0,0.01519756838905775,19920000,0,0,0,176000.0,0,12,3547000,2,10,0,549298,12,10,2,16373000,3547000,1e-06,2184432.763677812,2184452.763677812,549296,-20.0,2,16221
19980000,NORMAL:0,0.01519756838905775,19980000,0,0,0,176000.0,0,12,3547000,2,10,0,550953,12,10,2,16433000,3547000,1e-06,2190511.513677812,2190531.513677812,550951,-20.0,2,16221
20040000,NORMAL:0,0.01519756838905775,20040000,0,0,0,176000.0,0,12,3547000,2,10,0,552607,12,10,2,16493000,3547000,1e-06,2196582.763677812,2196602.763677812,552605,-20.0,2,16221
20100000,NORMAL:0,0.01519756838905775,20100000,0,0,0,176000.0,0,12,3547000,2,10,0,554262,12,10,2,16553000,3547000,1e-06,2202661.513677812,2202681.513677812,554260,-20.0,2,16221
20160000,NORMAL:0,0.01519756838905775,20160000,0,0,0,176000.0,0,12,3547000,2,10,0,555917,12,10,2,16613000,3547000,1e-06,2208740.263677812,2208760.263677812,555915,-20.0,2,16221
20220000,NORMAL:0,0.01519756838905775,20220000,0,0,0,176000.0,0,12,3547000,2,10,0,557571,12,10,2,16673000,3547000,1e-06,2214817.513677812,2214837.513677812,557569,-20.0,2,16221
20280000,NORMAL:0,0.01519756838905775,20280000,0,0,0,176000.0,0,12,3547000,2,10,0,559228,12,10,3,16733000,3547000,1e-06,2220790.763677812,2220810.763677812,559226,-20.0,2,16221
20340000,NORMAL:0,0.01519756838905775,20340000,0,0,0,176000.0,0,12,3547000,2,10,0,560880,12,10,3,16793000,3547000,1e-06,2225842.638677812,2225862.638677812,560878,-20.0,2,16221
20400000,NORMAL:0,0.01519756838905775,20400000,0,0,0,176000.0,0,12,3547000,2,10,0,562536,12,10,3,16853000,3547000,1e-06,2230914.513677812,2230934.513677812,562534,-20.0,2,16221
20460000,NORMAL:0,0.01519756838905775,20460000,0,0,0,176000.0,0,12,3547000,2,10,0,564189,12,10,3,16913000,3547000,1e-06,2235967.638677812,2235987.638677812,564187,-20.0,2,16221
20520000,NORMAL:0,0.01519756838905775,20520000,0,0,0,176000.0,0,12,3547000,2,10,0,565844,12,10,3,16973000,3547000,1e-06,2241038.263677812,2241058.263677812,565842,-20.0,2,16221
20580000,NORMAL:0,0.01519756838905775,20580000,0,0,0,176000.0,0,12,3547000,2,10,0,567500,12,10,3,17033000,3547000,1e-06,2246105.138677812,2246125.138677812,567498,-20.0,2,16221
20640000,NORMAL:0,0.01519756838905775,20640000,0,0,0,176000.0,0,12,3547000,2,10,0,569155,12,10,3,17093000,3547000,1e-06,2251170.763677812,2251190.763677812,569153,-20.0,2,16221
20700000,NORMAL:0,0.01519756838905775,20700000,0,0,0,176000.0,0,12,3547000,2,10,0,570809,12,10,3,17153000,3547000,1e-06,2256235.138677812,2256255.138677812,570807,-20.0,2,16221
20760000,NORMAL:0,0.01519756838905775,20760000,0,0,0,176000.0,0,12,3547000,2,10,0,572463,12,10,3,17213000,3547000,1e-06,2261294.513677812,2261314.513677812,572461,-20.0,2,16221
20820000,NORMAL:0,0.01519756838905775,20820000,0,0,0,176000.0,0,12,3547000,2,10,0,574118,12,10,3,17273000,3547000,1e-06,2266360.138677812,2266380.138677812,574116,-20.0,2,16221
20880000,NORMAL:0,0.01519756838905775,20880000,0,0,0,176000.0,0,12,3547000,2,10,0,575772,12,10,3,17333000,3547000,1e-06,2271419.513677812,2271439.513677812,575770,-20.0,2,16221
20940000,NORMAL:0,0.01519756838905775,20940000,0,0,0,176000.0,0,12,3547000,2,10,0,577427,12,10,3,17393000,3547000,1e-06,2276485.138677812,2276505.138677812,577425,-20.0,2,16221
21000000,NORMAL:0,0.01519756838905775,21000000,0,0,0,176000.0,0,12,3547000,2,10,0,579083,12,10,3,17453000,3547000,1e-06,2281557.013677812,2281577.013677812,579081,-20.0,2,16221
21060000,NORMAL:0,0.01519756838905775,21060000,0,0,0,176000.0,0,12,3547000,2,10,0,580736,12,10,3,17513000,3547000,1e-06,2286615.138677812,2286635.138677812,580734,-20.0,2,16221
21120000,NORMAL:0,0.01519756838905775,21120000,0,0,0,176000.0,0,12,3547000,2,10,0,582392,12,10,3,17573000,3547000,1e-06,2291687.013677812,2291707.013677812,582390,-20.0,2,16221
21180000,NORMAL:0,0.01519756838905775,21180000,0,0,0,176000.0,0,12,3547000,2,10,0,584046,12,10,3,17633000,3547000,1e-06,2296741.388677812,2296761.388677812,584044,-20.0,2,16221
21240000,NORMAL:0,0.01519756838905775,21240000,0,0,0,176000.0,0,12,3547000,2,10,0,585701,12,10,3,17693000,3547000,1e-06,2301812.013677812,2301832.013677812,585699,-20.0,2,16221
21300000,NORMAL:0,0.01519756838905775,21300000,0,0,0,176000.0,0,12,3547000,2,10,0,587355,12,10,3,17753000,3547000,1e-06,2306871.388677812,2306891.388677812,587353,-20.0,2,16221
21360000,NORMAL:0,0.01519756838905775,21360000,0,0,0,160545.45454545456,0,13,3547000,2,11,0,589011,13,11,2,17813000,3547000,1e-06,2312354.214665654,2312374.214665654,589009,-20.0,2,16222
21420000,NORMAL:0,0.01519756838905775,21420000,0,0,0,160545.45454545456,0,13,3547000,2,11,0,590664,13,11,2,17873000,3547000,1e-06,2318423.964665654,2318443.964665654,590662,-20.0,2,16222
21480000,NORMAL:0,0.01519756838905775,21480000,0,0,0,160545.45454545456,0,13,3547000,2,11,0,592320,13,11,2,17933000,3547000,1e-06,2324504.214665654,2324524.214665654,592318,-20.0,2,16222
21540000,NORMAL:0,0.01519756838905775,21540000,0,0,0,160545.45454545456,0,13,3547000,2,11,0,593975,13,11,2,17993000,3547000,1e-06,2330582.964665654,2330602.964665654,593973,-20.0,2,16222
21600000,NORMAL:0,0.01519756838905775,21600000,0,0,0,160545.45454545456,0,13,3547000,2,11,0,595627,13,11,2,18053000,3547000,1e-06,2336651.214665654,2336671.214665654,595625,-20.0,2,16222
21660000,NORMAL:0,0.01519756838905775,21660000,0,0,0,160545.45454545456,0,13,3547000,2,11,0,597283,13,11,2,18113000,3547000,1e-06,2342731.464665654,2342751.464665654,597281,-20.0,2,16222
21720000,NORMAL:0,0.01519756838905775,21720000,0,0,0,160545.45454545456,0,13,3547000,2,11,0,598938,13,11,2,18173000,3547000,1e-06,2348810.214665654,2348830.214665654,598936,-20.0,2,16222
21780000,NORMAL:0,0.01519756838905775,21780000,0,0,0,160545.45454545456,0,13,3547000,2,11,0,600593,13,11,2,18233000,3547000,1e-06,2354888.964665654,2354908.964665654,600591,-20.0,2,16222
21840000,NORMAL:0,0.01519756838905775,21840000,0,0,0,160545.45454545456,0,13,3547000,2,11,0,602248,13,11,2,18293000,3547000,1e-06,2360967.714665654,2360987.714665654,602246,-20.0,2,16222
21900000,NORMAL:0,0.01519756838905775,21900000,0,0,0,160545.45454545456,0,13,3547000,2,11,0,603901,13,11,2,18353000,3547000,1e-06,2367037.464665654,2367057.464665654,603899,-20.0,2,16222
21960000,NORMAL:0,0.01519756838905775,21960000,0,0,0,160545.45454545456,0,13,3547000,2,11,0,605557,13,11,2,18413000,3547000,1e-06,2373123.714665654,2373143.714665654,605555,-20.0,2,16222
22020000,NORMAL:0,0.01519756838905775,22020000,0,0,0,160545.45454545456,0,13,3547000,2,11,0,607210,13,11,2,18473000,3547000,1e-06,2379187.464665654,2379207.464665654,607208,-20.0,2,16222
22080000,NORMAL:0,0.01519756838905775,22080000,0,0,0,160545.45454545456,0,13,3547000,2,11,0,608867,13,11,2,18533000,3547000,1e-06,2385275.214665654,2385295.214665654,608865,-20.0,2,16222
22140000,NORMAL:0,0.01519756838905775,22140000,0,0,0,160545.45454545456,0,13,3547000,2,11,0,610521,13,11,2,18593000,3547000,1e-06,2391352.464665654,2391372.464665654,610519,-20.0,2,16222
22200000,NORMAL:0,0.01519756838905775,22200000,0,0,0,160545.45454545456,0,13,3547000,2,11,0,612175,13,11,2,18653000,3547000,1e-06,2397429.714665654,2397449.714665654,612173,-20.0,2,16222
22260000,NORMAL:0,0.01519756838905775,22260000,0,0,0,160545.45454545456,0,13,3547000,2,11,0,613830,13,11,2,18713000,3547000,1e-06,2403502.464665654,2403522.464665654,613828,-20.0,2,16222
22320000,NORMAL:0,0.01519756838905775,22320000,0,0,0,160545.45454545456,0,13,3547000,2,11,0,615484,13,11,2,18773000,3547000,1e-06,2409579.714665654,2409599.714665654,615482,-20.0,2,16222
22380000,NORMAL:0,0.01519756838905775,22380000,0,0,0,160545.45454545456,0,13,3547000,2,11,0,617140,13,11,2,18833000,3547000,1e-06,2415659.964665654,2415679.964665654,617138,-20.0,2,16222
22440000,NORMAL:0,0.01519756838905775,22440000,0,0,0,160545.45454545456,0,13,3547000,2,11,0,618795,13,11,2,18893000,3547000,1e-06,2421738.714665654,2421758.714665654,618793,-20.0,2,16222
22500000,NORMAL:0,0.01519756838905775,22500000,0,0,0,160545.45454545456,0,13,3547000,2,11,0,620447,13,11,2,18953000,3547000,1e-06,2427806.964665654,2427826.964665654,620445,-20.0,2,16222
22560000,NORMAL:0,0.01519756838905775,22560000,0,0,0,160545.45454545456,0,13,3547000,2,11,0,622104,13,11,2,19013000,3547000,1e-06,2433894.714665654,2433914.714665654,622102,-20.0,2,16222
22620000,NORMAL:0,0.01519756838905775,22620000,0,0,0,160545.45454545456,0,13,3547000,2,11,0,623758,13,11,2,19073000,3547000,1e-06,2439965.964665654,2439985.964665654,623756,-20.0,2,16222
22680000,NORMAL:0,0.01519756838905775,22680000,0,0,0,160545.45454545456,0,13,3547000,2,11,0,625413,13,11,2,19133000,3547000,1e-06,2446044.714665654,2446064.714665654,625411,-20.0,2,16222
22740000,NORMAL:0,0.01519756838905775,22740000,0,0,0,160545.45454545456,0,13,3547000,2,11,0,627066,13,11,2,19193000,3547000,1e-06,2452114.464665654,2452134.464665654,627064,-20.0,2,16222
22800000,NORMAL:0,0.01519756838905775,22800000,0,0,0,160545.45454545456,0,13,3547000,2,11,0,628722,13,11,2,19253000,3547000,1e-06,2458200.714665654,2458220.714665654,628720,-20.0,2,16222
22860000,NORMAL:0,0.01519756838905775,22860000,0,0,0,160545.45454545456,0,13,3547000,2,11,0,630376,13,11,2,19313000,3547000,1e-06,2464271.964665654,2464291.964665654,630374,-20.0,2,16222
22920000,NORMAL:0,0.01519756838905775,22920000,0,0,0,160545.45454545456,0,13,3547000,2,11,0,632032,13,11,2,19373000,3547000,1e-06,2470358.214665654,2470378.214665654,632030,-20.0,2,16222
22980000,NORMAL:0,0.01519756838905775,22980000,0,0,0,160545.45454545456,0,13,3547000,2,11,0,633687,13,11,2,19433000,3547000,1e-06,2476430.964665654,2476450.964665654,633685,-20.0,2,16222
23040000,NORMAL:0,0.01519756838905775,23040000,0,0,0,160545.45454545456,0,13,3547000,2,11,0,635340,13,11,2,19493000,3547000,1e-06,2482506.714665654,2482526.714665654,635338,-20.0,2,16222
23100000,NORMAL:0,0.01519756838905775,23100000,0,0,0,160545.45454545456,0,13,3547000,2,11,0,636994,13,11,2,19553000,3547000,1e-06,2488577.964665654,2488597.964665654,636992,-20.0,2,16222
23160000,NORMAL:0,0.01519756838905775,23160000,0,0,0,160545.45454545456,0,13,3547000,2,11,0,638650,13,11,2,19613000,3547000,1e-06,2494658.214665654,2494678.214665654,638648,-20.0,2,16222
23220000,NORMAL:0,0.01519756838905775,23220000,0,0,0,160545.45454545456,0,13,3547000,2,11,0,640304,13,11,2,19673000,3547000,1e-06,2500735.464665654,2500755.464665654,640302,-20.0,2,16222
23280000,NORMAL:0,0.01519756838905775,23280000,0,0,0,160545.45454545456,0,13,3547000,2,11,0,641960,13,11,2,19733000,3547000,1e-06,2506815.714665654,2506835.714665654,641958,-20.0,2,16222
23340000,NORMAL:0,0.01519756838905775,23340000,0,0,0,160545.45454545456,0,13,3547000,2,11,0,643614,13,11,2,19793000,3547000,1e-06,2512892.964665654,2512912.964665654,643612,-20.0,2,16222
23400000,NORMAL:0,0.01519756838905775,23400000,0,0,0,160545.45454545456,0,13,3547000,2,11,0,645268,13,11,2,19853000,3547000,1e-06,2518970.214665654,2518990.214665654,645266,-20.0,2,16222
23460000,NORMAL:0,0.01519756838905775,23460000,0,0,0,160545.45454545456,0,13,3547000,2,11,0,646923,13,11,2,19913000,3547000,1e-06,2525042.964665654,2525062.964665654,646921,-20.0,2,16222
23520000,NORMAL:0,0.01519756838905775,23520000,0,0,0,160545.45454545456,0,13,3547000,2,11,0,648578,13,11,2,19973000,3547000,1e-06,2531121.714665654,2531141.714665654,648576,-20.0,2,16222
23580000,NORMAL:0,0.01519756838905775,23580000,0,0,0,160545.45454545456,0,13,3547000,2,11,0,650233,13,11,2,20033000,3547000,1e-06,2537200.464665654,2537220.464665654,650231,-20.0,2,16222
23640000,NORMAL:0,0.01519756838905775,23640000,0,0,0,160545.45454545456,0,13,3547000,2,11,0,651887,13,11,2,20093000,3547000,1e-06,2543277.714665654,2543297.714665654,651885,-20.0,2,16222
23700000,NORMAL:0,0.01519756838905775,23700000,0,0,0,160545.45454545456,0,13,3547000,2,11,0,653542,13,11,2,20153000,3547000,1e-06,2549356.464665654,2549376.464665654,653540,-20.0,2,16222
23760000,NORMAL:0,0.01519756838905775,23760000,0,0,0,160545.45454545456,0,13,3547000,2,11,0,655197,13,11,2,20213000,3547000,1e-06,2555435.214665654,2555455.214665654,655195,-20.0,2,16222
23820000,NORMAL:0,0.01519756838905775,23820000,0,0,0,160545.45454545456,0,13,3547000,2,11,0,656851,13,11,2,20273000,3547000,1e-06,2561506.464665654,2561526.464665654,656849,-20.0,2,16222
23880000,NORMAL:0,0.01519756838905775,23880000,0,0,0,160545.45454545456,0,13,3547000,2,11,0,658506,13,11,2,20333000,3547000,1e-06,2567585.214665654,2567605.214665654,658504,-20.0,2,16222
23940000,NORMAL:0,0.01519756838905775,23940000,0,0,0,160545.45454545456,0,13,3547000,2,11,0,660159,13,11,2,20393000,3547000,1e-06,2573654.964665654,2573674.964665654,660157,-20.0,2,16222
24000000,NORMAL:0,0.01519756838905775,24000000,0,0,0,160545.45454545456,0,13,3547000,2,11,0,661815,13,11,2,20453000,3547000,1e-06,2579741.214665654,2579761.214665654,661813,-20.0,2,16222
24060000,NORMAL:0,0.01519756838905775,24060000,0,0,0,160545.45454545456,0,13,3547000,2,11,0,663470,13,11,2,20513000,3547000,1e-06,2585813.964665654,2585833.964665654,663468,-20.0,2,16222
24120000,NORMAL:0,0.01519756838905775,24120000,0,0,0,160545.45454545456,0,13,3547000,2,11,0,665125,13,11,3,20573000,3547000,1e-06,2591142.089665654,2591162.089665654,665123,-20.0,2,16222
24180000,NORMAL:0,0.01519756838905775,24180000,0,0,0,160545.45454545456,0,13,3547000,2,11,0,666779,13,11,3,20633000,3547000,1e-06,2596201.464665654,2596221.464665654,666777,-20.0,2,16222
24240000,NORMAL:0,0.01519756838905775,24240000,0,0,0,160545.45454545456,0,13,3547000,2,11,0,668434,13,11,3,20693000,3547000,1e-06,2601267.089665654,2601287.089665654,668432,-20.0,2,16222
24300000,NORMAL:0,0.01519756838905775,24300000,0,0,0,160545.45454545456,0,13,3547000,2,11,0,670087,13,11,3,20753000,3547000,1e-06,2606325.214665654,2606345.214665654,670085,-20.0,2,16222
24360000,NORMAL:0,0.01519756838905775,24360000,0,0,0,160545.45454545456,0,13,3547000,2,11,0,671743,13,11,3,20813000,3547000,1e-06,2611392.089665654,2611412.089665654,671741,-20.0,2,16222
24420000,NORMAL:0,0.01519756838905775,24420000,0,0,0,160545.45454545456,0,13,3547000,2,11,0,673398,13,11,3,20873000,3547000,1e-06,2616457.714665654,2616477.714665654,673396,-20.0,2,16222
24480000,NORMAL:0,0.01519756838905775,24480000,0,0,0,160545.45454545456,0,13,3547000,2,11,0,675053,13,11,3,20933000,3547000,1e-06,2621528.339665654,2621548.339665654,675051,-20.0,2,16222
24540000,NORMAL:0,0.01519756838905775,24540000,0,0,0,160545.45454545456,0,13,3547000,2,11,0,676707,13,11,3,20993000,3547000,1e-06,2626587.714665654,2626607.714665654,676705,-20.0,2,16222
24600000,NORMAL:0,0.01519756838905775,24600000,0,0,0,160545.45454545456,0,13,3547000,2,11,0,678362,13,11,3,21053000,3547000,1e-06,2631653.339665654,2631673.339665654,678360,-20.0,2,16222
24660000,NORMAL:0,0.01519756838905775,24660000,0,0,0,160545.45454545456,0,13,3547000,2,11,0,680016,13,11,3,21113000,3547000,1e-06,2636712.714665654,2636732.714665654,680014,-20.0,2,16222
24720000,NORMAL:0,0.01519756838905775,24720000,0,0,0,160545.45454545456,0,13,3547000,2,11,0,681672,13,11,3,21173000,3547000,1e-06,2641784.589665654,2641804.589665654,681670,-20.0,2,16222
24780000,NORMAL:0,0.01519756838905775,24780000,0,0,0,160545.45454545456,0,13,3547000,2,11,0,683325,13,11,3,21233000,3547000,1e-06,2646837.714665654,2646857.714665654,683323,-20.0,2,16222
24840000,NORMAL:0,0.01519756838905775,24840000,0,0,0,160545.45454545456,0,13,3547000,2,11,0,684980,13,11,3,21293000,3547000,1e-06,2651908.339665654,2651928.339665654,684978,-20.0,2,16222
24900000,NORMAL:0,0.01519756838905775,24900000,0,0,0,160545.45454545456,0,13,3547000,2,11,0,686635,13,11,3,21353000,3547000,1e-06,2656973.964665654,2656993.964665654,686633,-20.0,2,16222
24960000,NORMAL:0,0.01519756838905775,24960000,0,0,0,160545.45454545456,0,13,3547000,2,11,0,688291,13,11,3,21413000,3547000,1e-06,2662040.839665654,2662060.839665654,688289,-20.0,2,16222
25020000,NORMAL:0,0.01519756838905775,25020000,0,0,0,160545.45454545456,0,13,3547000,2,11,0,689943,13,11,3,21473000,3547000,1e-06,2667097.714665654,2667117.714665654,689941,-20.0,2,16222
25080000,NORMAL:0,0.01519756838905775,25080000,0,0,0,160545.45454545456,0,13,3547000,2,11,0,691599,13,11,3,21533000,3547000,1e-06,2672164.589665654,2672184.589665654,691597,-20.0,2,16222
25140000,NORMAL:0,0.01519756838905775,25140000,0,0,0,160545.45454545456,0,13,3547000,2,11,0,693254,13,11,3,21593000,3547000,1e-06,2677230.214665654,2677250.214665654,693252,-20.0,2,16222
25200000,NORMAL:0,0.01519756838905775,25200000,0,0,0,160545.45454545456,0,13,3547000,2,11,0,694907,13,11,3,21653000,3547000,1e-06,2682288.339665654,2682308.339665654,694905,-20.0,2,16222
25260000,NORMAL:0,0.01519756838905775,25260000,0,0,0,160545.45454545456,0,13,3547000,2,11,0,696564,13,11,3,21713000,3547000,1e-06,2687361.464665654,2687381.464665654,696562,-20.0,2,16222
25320000,NORMAL:0,0.01519756838905775,25320000,0,0,0,160545.45454545456,0,13,3547000,2,11,0,698218,13,11,3,21773000,3547000,1e-06,2692425.839665654,2692445.839665654,698216,-20.0,2,16222
25380000,NORMAL:0,0.01519756838905775,25380000,0,0,0,160545.45454545456,0,13,3547000,2,11,0,699872,13,11,3,21833000,3547000,1e-06,2697485.214665654,2697505.214665654,699870,-20.0,2,16222
25440000,NORMAL:0,0.01519756838905775,25440000,0,0,0,160545.45454545456,0,13,3547000,2,11,0,701527,13,11,3,21893000,3547000,1e-06,2702550.839665654,2702570.839665654,701525,-20.0,2,16222
25500000,NORMAL:0,0.01519756838905775,25500000,0,0,0,160545.45454545456,0,13,3547000,2,11,0,703181,13,11,3,21953000,3547000,1e-06,2707610.214665654,2707630.214665654,703179,-20.0,2,16222
25560000,NORMAL:0,0.01519756838905775,25560000,0,0,0,160545.45454545456,0,13,3547000,2,11,0,704837,13,11,3,22013000,3547000,1e-06,2712682.089665654,2712702.089665654,704835,-20.0,2,16222
25620000,NORMAL:0,0.01519756838905775,25620000,0,0,0,160545.45454545456,0,13,3547000,2,11,0,706489,13,11,3,22073000,3547000,1e-06,2717733.964665654,2717753.964665654,706487,-20.0,2,16222
25680000,NORMAL:0,0.01519756838905775,25680000,0,0,0,160545.45454545456,0,13,3547000,2,11,0,708147,13,11,3,22133000,3547000,1e-06,2722813.339665654,2722833.339665654,708145,-20.0,2,16222
25740000,NORMAL:0,0.01519756838905775,25740000,0,0,0,160545.45454545456,0,13,3547000,2,11,0,709800,13,11,3,22193000,3547000,1e-06,2727871.464665654,2727891.464665654,709798,-20.0,2,16222
25800000,NORMAL:0,0.01519756838905775,25800000,0,0,0,160545.45454545456,0,13,3547000,2,11,0,711455,13,11,3,22253000,3547000,1e-06,2732937.089665654,2732957.089665654,711453,-20.0,2,16222
25860000,NORMAL:0,0.01519756838905775,25860000,0,0,0,160545.45454545456,0,13,3547000,2,11,0,713111,13,11,3,22313000,3547000,1e-06,2738003.964665654,2738023.964665654,713109,-20.0,2,16222
25920000,NORMAL:0,0.01519756838905775,25920000,0,0,0,160545.45454545456,0,13,3547000,2,11,0,714763,13,11,3,22373000,3547000,1e-06,2743060.839665654,2743080.839665654,714761,-20.0,2,16222
25980000,NORMAL:0,0.01519756838905775,25980000,0,0,0,160545.45454545456,0,13,3547000,2,11,0,716419,13,11,3,22433000,3547000,1e-06,2748127.714665654,2748147.714665654,716417,-20.0,2,16222
26040000,NORMAL:0,0.01519756838905775,26040000,0,0,0,160545.45454545456,0,13,3547000,2,11,0,718074,13,11,3,22493000,3547000,1e-06,2753193.339665654,2753213.339665654,718072,-20.0,2,16222
26100000,NORMAL:0,0.01519756838905775,26100000,0,0,0,160545.45454545456,0,13,3547000,2,11,0,719728,13,11,3,22553000,3547000,1e-06,2758257.714665654,2758277.714665654,719726,-20.0,2,16222
26160000,NORMAL:0,0.01519756838905775,26160000,0,0,0,147583.33333333334,0,14,3547000,2,12,0,721383,14,12,2,22613000,3547000,1e-06,2763978.7887538,2763998.7887538,721381,-20.0,2,16223
26220000,NORMAL:0,0.01519756838905775,26220000,0,0,0,147583.33333333334,0,14,3547000,2,12,0,723037,14,12,2,22673000,3547000,1e-06,2770050.0387538,2770070.0387538,723035,-20.0,2,16223
26280000,NORMAL:0,0.01519756838905775,26280000,0,0,0,147583.33333333334,0,14,3547000,2,12,0,724693,14,12,2,22733000,3547000,1e-06,2776136.2887538,2776156.2887538,724691,-20.0,2,16223
26340000,NORMAL:0,0.01519756838905775,26340000,0,0,0,147583.33333333334,0,14,3547000,2,12,0,726346,14,12,2,22793000,3547000,1e-06,2782200.0387538,2782220.0387538,726344,-20.0,2,16223
26400000,NORMAL:0,0.01519756838905775,26400000,0,0,0,147583.33333333334,0,14,3547000,2,12,0,728002,14,12,2,22853000,3547000,1e-06,2788286.2887538,2788306.2887538,728000,-20.0,2,16223
26460000,NORMAL:0,0.01519756838905775,26460000,0,0,0,147583.33333333334,0,14,3547000,2,12,0,729655,14,12,2,22913000,3547000,1e-06,2794356.0387538,2794376.0387538,729653,-20.0,2,16223
26520000,NORMAL:0,0.01519756838905775,26520000,0,0,0,147583.33333333334,0,14,3547000,2,12,0,731311,14,12,2,22973000,3547000,1e-06,2800442.2887538,2800462.2887538,731309,-20.0,2,16223
26580000,NORMAL:0,0.01519756838905775,26580000,0,0,0,147583.33333333334,0,14,3547000,2,12,0,732966,14,12,2,23033000,3547000,1e-06,2806515.0387538,2806535.0387538,732964,-20.0,2,16223
26640000,NORMAL:0,0.01519756838905775,26640000,0,0,0,147583.33333333334,0,14,3547000,2,12,0,734620,14,12,2,23093000,3547000,1e-06,2812592.2887538,2812612.2887538,734618,-20.0,2,16223
26700000,NORMAL:0,0.01519756838905775,26700000,0,0,0,147583.33333333334,0,14,3547000,2,12,0,736275,14,12,2,23153000,3547000,1e-06,2818671.0387538,2818691.0387538,736273,-20.0,2,16223
26760000,NORMAL:0,0.01519756838905775,26760000,0,0,0,147583.33333333334,0,14,3547000,2,12,0,737929,14,12,3,23213000,3547000,1e-06,2824323.2887538,2824343.2887538,737927,-20.0,2,16223
26820000,NORMAL:0,0.01519756838905775,26820000,0,0,0,147583.33333333334,0,14,3547000,2,12,0,739584,14,12,3,23273000,3547000,1e-06,2829393.9137538,2829413.9137538,739582,-20.0,2,16223
26880000,NORMAL:0,0.01519756838905775,26880000,0,0,0,147583.33333333334,0,14,3547000,2,12,0,741239,14,12,3,23333000,3547000,1e-06,2834454.5387538,2834474.5387538,741237,-20.0,2,16223
26940000,NORMAL:0,0.01519756838905775,26940000,0,0,0,147583.33333333334,0,14,3547000,2,12,0,742894,14,12,3,23393000,3547000,1e-06,2839520.1637538,2839540.1637538,742892,-20.0,2,16223
27000000,NORMAL:0,0.01519756838905775,27000000,0,0,0,147583.33333333334,0,14,3547000,2,12,0,744549,14,12,3,23453000,3547000,1e-06,2844590.7887538,2844610.7887538,744547,-20.0,2,16223
27060000,NORMAL:0,0.01519756838905775,27060000,0,0,0,147583.33333333334,0,14,3547000,2,12,0,746202,14,12,3,23513000,3547000,1e-06,2849643.9137538,2849663.9137538,746200,-20.0,2,16223
27120000,NORMAL:0,0.01519756838905775,27120000,0,0,0,147583.33333333334,0,14,3547000,2,12,0,747858,14,12,3,23573000,3547000,1e-06,2854715.7887538,2854735.7887538,747856,-20.0,2,16223
27180000,NORMAL:0,0.01519756838905775,27180000,0,0,0,147583.33333333334,0,14,3547000,2,12,0,749511,14,12,3,23633000,3547000,1e-06,2859768.9137538,2859788.9137538,749509,-20.0,2,16223
27240000,NORMAL:0,0.01519756838905775,27240000,0,0,0,147583.33333333334,0,14,3547000,2,12,0,751168,14,12,3,23693000,3547000,1e-06,2864847.0387538,2864867.0387538,751166,-20.0,2,16223
27300000,NORMAL:0,0.01519756838905775,27300000,0,0,0,147583.33333333334,0,14,3547000,2,12,0,752820,14,12,3,23753000,3547000,1e-06,2869898.9137538,2869918.9137538,752818,-20.0,2,16223
27360000,NORMAL:0,0.01519756838905775,27360000,0,0,0,147583.33333333334,0,14,3547000,2,12,0,754476,14,12,3,23813000,3547000,1e-06,2874970.7887538,2874990.7887538,754474,-20.0,2,16223
27420000,NORMAL:0,0.01519756838905775,27420000,0,0,0,147583.33333333334,0,14,3547000,2,12,0,756131,14,12,3,23873000,3547000,1e-06,2880036.4137538,2880056.4137538,756129,-20.0,2,16223
27480000,NORMAL:0,0.01519756838905775,27480000,0,0,0,147583.33333333334,0,14,3547000,2,12,0,757786,14,12,3,23933000,3547000,1e-06,2885097.0387538,2885117.0387538,757784,-20.0,2,16223
27540000,NORMAL:0,0.01519756838905775,27540000,0,0,0,147583.33333333334,0,14,3547000,2,12,0,759440,14,12,3,23993000,3547000,1e-06,2890161.4137538,2890181.4137538,759438,-20.0,2,16223
27600000,NORMAL:0,0.01519756838905775,27600000,0,0,0,147583.33333333334,0,14,3547000,2,12,0,761094,14,12,3,24053000,3547000,1e-06,2895225.7887538,2895245.7887538,761092,-20.0,2,16223
27660000,NORMAL:0,0.01519756838905775,27660000,0,0,0,147583.33333333334,0,14,3547000,2,12,0,762750,14,12,3,24113000,3547000,1e-06,2900292.6637538,2900312.6637538,762748,-20.0,2,16223
27720000,NORMAL:0,0.01519756838905775,27720000,0,0,0,147583.33333333334,0,14,3547000,2,12,0,764403,14,12,3,24173000,3547000,1e-06,2905350.7887538,2905370.7887538,764401,-20.0,2,16223
27780000,NORMAL:0,0.01519756838905775,27780000,0,0,0,147583.33333333334,0,14,3547000,2,12,0,766059,14,12,3,24233000,3547000,1e-06,2910417.6637538,2910437.6637538,766057,-20.0,2,16223
27840000,NORMAL:0,0.01519756838905775,27840000,0,0,0,147583.33333333334,0,14,3547000,2,12,0,767715,14,12,3,24293000,3547000,1e-06,2915489.5387538,2915509.5387538,767713,-20.0,2,16223
27900000,NORMAL:0,0.01519756838905775,27900000,0,0,0,147583.33333333334,0,14,3547000,2,12,0,769366,14,12,3,24353000,3547000,1e-06,2920540.1637538,2920560.1637538,769364,-20.0,2,16223
27960000,NORMAL:0,0.01519756838905775,27960000,0,0,0,147583.33333333334,0,14,3547000,2,12,0,771023,14,12,3,24413000,3547000,1e-06,2925613.2887538,2925633.2887538,771021,-20.0,2,16223
28020000,NORMAL:0,0.01519756838905775,28020000,0,0,0,147583.33333333334,0,14,3547000,2,12,0,772677,14,12,3,24473000,3547000,1e-06,2930672.6637538,2930692.6637538,772675,-20.0,2,16223
28080000,NORMAL:0,0.01519756838905775,28080000,0,0,0,147583.33333333334,0,14,3547000,2,12,0,774333,14,12,3,24533000,3547000,1e-06,2935744.5387538,2935764.5387538,774331,-20.0,2,16223
28140000,NORMAL:0,0.01519756838905775,28140000,0,0,0,147583.33333333334,0,14,3547000,2,12,0,775987,14,12,3,24593000,3547000,1e-06,2940803.9137538,2940823.9137538,775985,-20.0,2,16223
28200000,NORMAL:0,0.01519756838905775,28200000,0,0,0,147583.33333333334,0,14,3547000,2,12,0,777641,14,12,3,24653000,3547000,1e-06,2945868.2887538,2945888.2887538,777639,-20.0,2,16223
28260000,NORMAL:0,0.01519756838905775,28260000,0,0,0,147583.33333333334,0,14,3547000,2,12,0,779296,14,12,3,24713000,3547000,1e-06,2950933.9137538,2950953.9137538,779294,-20.0,2,16223
28320000,NORMAL:0,0.01519756838905775,28320000,0,0,0,147583.33333333334,0,14,3547000,2,12,0,780950,14,12,3,24773000,3547000,1e-06,2955993.2887538,2956013.2887538,780948,-20.0,2,16223
28380000,NORMAL:0,0.01519756838905775,28380000,0,0,0,147583.33333333334,0,14,3547000,2,12,0,782607,14,12,3,24833000,3547000,1e-06,2961066.4137538,2961086.4137538,782605,-20.0,2,16223
28440000,NORMAL:0,0.01519756838905775,28440000,0,0,0,147583.33333333334,0,14,3547000,2,12,0,784259,14,12,3,24893000,3547000,1e-06,2966123.2887538,2966143.2887538,784257,-20.0,2,16223
28500000,NORMAL:0,0.01519756838905775,28500000,0,0,0,147583.33333333334,0,14,3547000,2,12,0,785914,14,12,3,24953000,3547000,1e-06,2971188.9137538,2971208.9137538,785912,-20.0,2,16223
28560000,NORMAL:0,0.01519756838905775,28560000,0,0,0,147583.33333333334,0,14,3547000,2,12,0,787570,14,12,3,25013000,3547000,1e-06,2976255.7887538,2976275.7887538,787568,-20.0,2,16223
28620000,NORMAL:0,0.01519756838905775,28620000,0,0,0,147583.33333333334,0,14,3547000,2,12,0,789223,14,12,3,25073000,3547000,1e-06,2981313.9137538,2981333.9137538,789221,-20.0,2,16223
28680000,NORMAL:0,0.01519756838905775,28680000,0,0,0,147583.33333333334,0,14,3547000,2,12,0,790880,14,12,3,25133000,3547000,1e-06,2986387.0387538,2986407.0387538,790878,-20.0,2,16223
28740000,NORMAL:0,0.01519756838905775,28740000,0,0,0,147583.33333333334,0,14,3547000,2,12,0,792532,14,12,3,25193000,3547000,1e-06,2991438.9137538,2991458.9137538,792530,-20.0,2,16223
28800000,NORMAL:0,0.01519756838905775,28800000,0,0,0,147583.33333333334,0,14,3547000,2,12,0,794188,14,12,3,25253000,3547000,1e-06,2996515.7887538,2996535.7887538,794186,-20.0,2,16223
28860000,NORMAL:0,0.01519756838905775,28860000,0,0,0,147583.33333333334,0,14,3547000,2,12,0,795842,14,12,3,25313000,3547000,1e-06,3001570.1637538,3001590.1637538,795840,-20.0,2,16223
28920000,NORMAL:0,0.01519756838905775,28920000,0,0,0,147583.33333333334,0,14,3547000,2,12,0,797498,14,12,3,25373000,3547000,1e-06,3006642.0387538,3006662.0387538,797496,-20.0,2,16223
28980000,NORMAL:0,0.01519756838905775,28980000,0,0,0,147583.33333333334,0,14,3547000,2,12,0,799152,14,12,3,25433000,3547000,1e-06,3011701.4137538,3011721.4137538,799150,-20.0,2,16223
29040000,NORMAL:0,0.01519756838905775,29040000,0,0,0,147583.33333333334,0,14,3547000,2,12,0,800806,14,12,3,25493000,3547000,1e-06,3016765.7887538,3016785.7887538,800804,-20.0,2,16223
29100000,NORMAL:0,0.01519756838905775,29100000,0,0,0,147583.33333333334,0,14,3547000,2,12,0,802461,14,12,3,25553000,3547000,1e-06,3021831.4137538,3021851.4137538,802459,-20.0,2,16223
29160000,NORMAL:0,0.01519756838905775,29160000,0,0,0,147583.33333333334,0,14,3547000,2,12,0,804116,14,12,3,25613000,3547000,1e-06,3026897.0387538,3026917.0387538,804114,-20.0,2,16223
29220000,NORMAL:0,0.01519756838905775,29220000,0,0,0,147583.33333333334,0,14,3547000,2,12,0,805771,14,12,3,25673000,3547000,1e-06,3031962.6637538,3031982.6637538,805769,-20.0,2,16223
29280000,NORMAL:0,0.01519756838905775,29280000,0,0,0,147583.33333333334,0,14,3547000,2,12,0,807427,14,12,3,25733000,3547000,1e-06,3037029.5387538,3037049.5387538,807425,-20.0,2,16223
29340000,NORMAL:0,0.01519756838905775,29340000,0,0,0,147583.33333333334,0,14,3547000,2,12,0,809079,14,12,3,25793000,3547000,1e-06,3042086.4137538,3042106.4137538,809077,-20.0,2,16223
29400000,NORMAL:0,0.01519756838905775,29400000,0,0,0,147583.33333333334,0,14,3547000,2,12,0,810734,14,12,3,25853000,3547000,1e-06,3047152.0387538,3047172.0387538,810732,-20.0,2,16223
29460000,NORMAL:0,0.01519756838905775,29460000,0,0,0,147583.33333333334,0,14,3547000,2,12,0,812389,14,12,3,25913000,3547000,1e-06,3052212.6637538,3052232.6637538,812387,-20.0,2,16223
29520000,NORMAL:0,0.01519756838905775,29520000,0,0,0,147583.33333333334,0,14,3547000,2,12,0,814044,14,12,3,25973000,3547000,1e-06,3057283.2887538,3057303.2887538,814042,-20.0,2,16223
29580000,NORMAL:0,0.01519756838905775,29580000,0,0,0,147583.33333333334,0,14,3547000,2,12,0,815698,14,12,3,26033000,3547000,1e-06,3062342.6637538,3062362.6637538,815696,-20.0,2,16223
29640000,NORMAL:0,0.01519756838905775,29640000,0,0,0,147583.33333333334,0,14,3547000,2,12,0,817354,14,12,3,26093000,3547000,1e-06,3067414.5387538,3067434.5387538,817352,-20.0,2,16223
29700000,NORMAL:0,0.01519756838905775,29700000,0,0,0,147583.33333333334,0,14,3547000,2,12,0,819007,14,12,3,26153000,3547000,1e-06,3072472.6637538,3072492.6637538,819005,-20.0,2,16223
29760000,NORMAL:0,0.01519756838905775,29760000,0,0,0,147583.33333333334,0,14,3547000,2,12,0,820663,14,12,3,26213000,3547000,1e-06,3077539.5387538,3077559.5387538,820661,-20.0,2,16223
29820000,NORMAL:0,0.01519756838905775,29820000,0,0,0,147583.33333333334,0,14,3547000,2,12,0,822317,14,12,3,26273000,3547000,1e-06,3082598.9137538,3082618.9137538,822315,-20.0,2,16223
29880000,NORMAL:0,0.01519756838905775,29880000,0,0,0,147583.33333333334,0,14,3547000,2,12,0,823971,14,12,3,26333000,3547000,1e-06,3087663.2887538,3087683.2887538,823969,-20.0,2,16223
29940000,NORMAL:0,0.01519756838905775,29940000,0,0,0,147583.33333333334,0,14,3547000,2,12,0,825627,14,12,3,26393000,3547000,1e-06,3092735.1637538,3092755.1637538,825625,-20.0,2,16223
30000000,NORMAL:0,0.01519756838905775,30000000,0,0,0,147583.33333333334,0,14,3547000,2,12,0,827281,14,12,3,26453000,3547000,1e-06,3097794.5387538,3097814.5387538,827279,-20.0,2,16223
30060000,NORMAL:0,0.01519756838905775,30060000,0,0,0,147583.33333333334,0,14,3547000,2,12,0,828936,14,12,3,26513000,3547000,1e-06,3102860.1637538,3102880.1637538,828934,-20.0,2,16223
30120000,NORMAL:0,0.01519756838905775,30120000,0,0,0,147583.33333333334,0,14,3547000,2,12,0,830591,14,12,3,26573000,3547000,1e-06,3107925.7887538,3107945.7887538,830589,-20.0,2,16223
30180000,NORMAL:0,0.01519756838905775,30180000,0,0,0,147583.33333333334,0,14,3547000,2,12,0,832245,14,12,3,26633000,3547000,1e-06,3112985.1637538,3113005.1637538,832243,-20.0,2,16223
30240000,NORMAL:0,0.01519756838905775,30240000,0,0,0,147583.33333333334,0,14,3547000,2,12,0,833899,14,12,3,26693000,3547000,1e-06,3118049.5387538,3118069.5387538,833897,-20.0,2,16223
30300000,NORMAL:0,0.01519756838905775,30300000,0,0,0,147583.33333333334,0,14,3547000,2,12,0,835553,14,12,3,26753000,3547000,1e-06,3123108.9137538,3123128.9137538,835551,-20.0,2,16223
30360000,NORMAL:0,0.01519756838905775,30360000,0,0,0,147583.33333333334,0,14,3547000,2,12,0,837211,14,12,3,26813000,3547000,1e-06,3128188.2887538,3128208.2887538,837209,-20.0,2,16223
30420000,NORMAL:0,0.01519756838905775,30420000,0,0,0,147583.33333333334,0,14,3547000,2,12,0,838864,14,12,3,26873000,3547000,1e-06,3133246.4137538,3133266.4137538,838862,-20.0,2,16223
30480000,NORMAL:0,0.01519756838905775,30480000,0,0,0,147583.33333333334,0,14,3547000,2,12,0,840519,14,12,3,26933000,3547000,1e-06,3138312.0387538,3138332.0387538,840517,-20.0,2,16223
30540000,NORMAL:0,0.01519756838905775,30540000,0,0,0,147583.33333333334,0,14,3547000,2,12,0,842173,14,12,3,26993000,3547000,1e-06,3143371.4137538,3143391.4137538,842171,-20.0,2,16223
30600000,NORMAL:0,0.01519756838905775,30600000,0,0,0,147583.33333333334,0,14,3547000,2,12,0,843827,14,12,3,27053000,3547000,1e-06,3148435.7887538,3148455.7887538,843825,-20.0,2,16223
30660000,NORMAL:0,0.01519756838905775,30660000,0,0,0,147583.33333333334,0,14,3547000,2,12,0,845482,14,12,3,27113000,3547000,1e-06,3153496.4137538,3153516.4137538,845480,-20.0,2,16223
30720000,NORMAL:0,0.01519756838905775,30720000,0,0,0,147583.33333333334,0,14,3547000,2,12,0,847137,14,12,3,27173000,3547000,1e-06,3158567.0387538,3158587.0387538,847135,-20.0,2,16223
30780000,NORMAL:0,0.01519756838905775,30780000,0,0,0,147583.33333333334,0,14,3547000,2,12,0,848792,14,12,3,27233000,3547000,1e-06,3163632.6637538,3163652.6637538,848790,-20.0,2,16223
30840000,NORMAL:0,0.01519756838905775,30840000,0,0,0,147583.33333333334,0,14,3547000,2,12,0,850447,14,12,3,27293000,3547000,1e-06,3168698.2887538,3168718.2887538,850445,-20.0,2,16223
30900000,NORMAL:0,0.01519756838905775,30900000,0,0,0,147583.33333333334,0,14,3547000,2,12,0,852101,14,12,3,27353000,3547000,1e-06,3173757.6637538,3173777.6637538,852099,-20.0,2,16223
30960000,NORMAL:0,0.01519756838905775,30960000,0,0,0,147583.33333333334,0,14,3547000,2,12,0,853756,14,12,3,27413000,3547000,1e-06,3178823.2887538,3178843.2887538,853754,-20.0,2,16223
31020000,NORMAL:0,0.01519756838905775,31020000,0,0,0,147583.33333333334,0,14,3547000,2,12,0,855409,14,12,3,27473000,3547000,1e-06,3183881.4137538,3183901.4137538,855407,-20.0,2,16223
31080000,NORMAL:0,0.01519756838905775,31080000,0,0,0,147583.33333333334,0,14,3547000,2,12,0,857065,14,12,3,27533000,3547000,1e-06,3188948.2887538,3188968.2887538,857063,-20.0,2,16223
31140000,NORMAL:0,0.01519756838905775,31140000,0,0,0,137000.0,0,16,3547000,3,13,0,858719,16,13,1,27593000,3547000,1e-06,3194238.509498481,3194270.509498481,858716,-32.0,3,16224
31200000,NORMAL:0,0.01519756838905775,31200000,0,0,0,137000.0,0,16,3547000,3,13,0,860375,16,13,1,27653000,3547000,1e-06,3201339.134498481,3201371.134498481,860372,-32.0,3,16224
31260000,NORMAL:0,0.01519756838905775,31260000,0,0,0,137000.0,0,16,3547000,3,13,0,862030,16,13,2,27713000,3547000,1e-06,3208342.634498481,3208374.634498481,862027,-32.0,3,16224
31320000,NORMAL:0,0.01519756838905775,31320000,0,0,0,137000.0,0,16,3547000,3,13,0,863683,16,13,2,27773000,3547000,1e-06,3214418.384498481,3214450.384498481,863680,-32.0,3,16224
31380000,NORMAL:0,0.01519756838905775,31380000,0,0,0,137000.0,0,16,3547000,3,13,0,865338,16,13,2,27833000,3547000,1e-06,3220491.134498481,3220523.134498481,865335,-32.0,3,16224
31440000,NORMAL:0,0.01519756838905775,31440000,0,0,0,137000.0,0,16,3547000,3,13,0,866993,16,13,2,27893000,3547000,1e-06,3226569.884498481,3226601.884498481,866990,-32.0,3,16224
31500000,NORMAL:0,0.01519756838905775,31500000,0,0,0,137000.0,0,16,3547000,3,13,0,868647,16,13,2,27953000,3547000,1e-06,3232647.134498481,3232679.134498481,868644,-32.0,3,16224
31560000,NORMAL:0,0.01519756838905775,31560000,0,0,0,137000.0,0,16,3547000,3,13,0,870304,16,13,3,28013000,3547000,1e-06,3238058.134498481,3238090.134498481,870301,-32.0,3,16224
31620000,NORMAL:0,0.01519756838905775,31620000,0,0,0,137000.0,0,16,3547000,3,13,0,871957,16,13,3,28073000,3547000,1e-06,3243116.259498481,3243148.259498481,871954,-32.0,3,16224
31680000,NORMAL:0,0.01519756838905775,31680000,0,0,0,137000.0,0,16,3547000,3,13,0,873612,16,13,3,28133000,3547000,1e-06,3248181.884498481,3248213.884498481,873609,-32.0,3,16224
31740000,NORMAL:0,0.01519756838905775,31740000,0,0,0,137000.0,0,16,3547000,3,13,0,875266,16,13,3,28193000,3547000,1e-06,3253241.259498481,3253273.259498481,875263,-32.0,3,16224
31800000,NORMAL:0,0.01519756838905775,31800000,0,0,0,137000.0,0,16,3547000,3,13,0,876921,16,13,3,28253000,3547000,1e-06,3258306.884498481,3258338.884498481,876918,-32.0,3,16224
31860000,NORMAL:0,0.01519756838905775,31860000,0,0,0,137000.0,0,16,3547000,3,13,0,878574,16,13,3,28313000,3547000,1e-06,3263365.009498481,3263397.009498481,878571,-32.0,3,16224
31920000,NORMAL:0,0.01519756838905775,31920000,0,0,0,137000.0,0,16,3547000,3,13,0,880230,16,13,3,28373000,3547000,1e-06,3268436.884498481,3268468.884498481,880227,-32.0,3,16224
31980000,NORMAL:0,0.01519756838905775,31980000,0,0,0,137000.0,0,16,3547000,3,13,0,881886,16,13,3,28433000,3547000,1e-06,3273503.759498481,3273535.759498481,881883,-32.0,3,16224
32040000,NORMAL:0,0.01519756838905775,32040000,0,0,0,137000.0,0,16,3547000,3,13,0,883540,16,13,3,28493000,3547000,1e-06,3278568.134498481,3278600.134498481,883537,-32.0,3,16224
32100000,NORMAL:0,0.01519756838905775,32100000,0,0,0,137000.0,0,16,3547000,3,13,0,885194,16,13,3,28553000,3547000,1e-06,3283627.509498481,3283659.509498481,885191,-32.0,3,16224
32160000,NORMAL:0,0.01519756838905775,32160000,0,0,0,137000.0,0,16,3547000,3,13,0,886849,16,13,3,28613000,3547000,1e-06,3288693.134498481,3288725.134498481,886846,-32.0,3,16224
32220000,NORMAL:0,0.01519756838905775,32220000,0,0,0,137000.0,0,16,3547000,3,13,0,888502,16,13,3,28673000,3547000,1e-06,3293751.259498481,3293783.259498481,888499,-32.0,3,16224
32280000,NORMAL:0,0.01519756838905775,32280000,0,0,0,137000.0,0,16,3547000,3,13,0,890159,16,13,3,28733000,3547000,1e-06,3298824.384498481,3298856.384498481,890156,-32.0,3,16224
32340000,NORMAL:0,0.01519756838905775,32340000,0,0,0,137000.0,0,16,3547000,3,13,0,891813,16,13,3,28793000,3547000,1e-06,3303883.759498481,3303915.759498481,891810,-32.0,3,16224
32400000,NORMAL:0,0.01519756838905775,32400000,0,0,0,137000.0,0,16,3547000,3,13,0,893468,16,13,3,28853000,3547000,1e-06,3308954.384498481,3308986.384498481,893465,-32.0,3,16224
32460000,NORMAL:0,0.01519756838905775,32460000,0,0,0,137000.0,0,16,3547000,3,13,0,895122,16,13,3,28913000,3547000,1e-06,3314013.759498481,3314045.759498481,895119,-32.0,3,16224
32520000,NORMAL:0,0.01519756838905775,32520000,0,0,0,137000.0,0,16,3547000,3,13,0,896777,16,13,3,28973000,3547000,1e-06,3319079.384498481,3319111.384498481,896774,-32.0,3,16224
32580000,NORMAL:0,0.05065856129685917,32580000,0,0,0,137000.0,0,16,3547000,3,13,0,898431,16,13,3,29033000,3547000,1e-06,3324138.759498481,3324170.759498481,898428,-32.0,3,16224
32640000,NORMAL:0,0.05065856129685917,32640000,0,0,0,137000.0,0,16,3547000,3,13,0,900086,16,13,3,29093000,3547000,1e-06,3329204.384498481,3329236.384498481,900083,-32.0,3,16224
32700000,NORMAL:0,0.01519756838905775,32700000,0,0,0,136785.7142857143,0,17,3547000,3,14,0,901742,17,14,2,29153000,3547000,1e-06,3334970.8552431623,3335002.8552431623,901739,-32.0,3,16224
32760000,NORMAL:0,0.01519756838905775,32760000,0,0,0,136785.7142857143,0,17,3547000,3,14,0,903395,17,14,2,29213000,3547000,1e-06,3341040.6052431623,3341072.6052431623,903392,-32.0,3,16224
32820000,NORMAL:0,0.01519756838905775,32820000,0,0,0,136785.7142857143,0,17,3547000,3,14,0,905050,17,14,2,29273000,3547000,1e-06,3347119.3552431623,3347151.3552431623,905047,-32.0,3,16224
32880000,NORMAL:0,0.01519756838905775,32880000,0,0,0,136785.7142857143,0,17,3547000,3,14,0,906706,17,14,2,29333000,3547000,1e-06,3353199.6052431623,3353231.6052431623,906703,-32.0,3,16224
32940000,NORMAL:0,0.01519756838905775,32940000,0,0,0,136785.7142857143,0,17,3547000,3,14,0,908359,17,14,2,29393000,3547000,1e-06,3359269.3552431623,3359301.3552431623,908356,-32.0,3,16224
33000000,NORMAL:0,0.01519756838905775,33000000,0,0,0,136785.7142857143,0,17,3547000,3,14,0,910013,17,14,2,29453000,3547000,1e-06,3365346.6052431623,3365378.6052431623,910010,-32.0,3,16224
33060000,NORMAL:0,0.01519756838905775,33060000,0,0,0,136785.7142857143,0,17,3547000,3,14,0,911669,17,14,2,29513000,3547000,1e-06,3371426.8552431623,3371458.8552431623,911666,-32.0,3,16224
33120000,NORMAL:0,0.01519756838905775,33120000,0,0,0,136785.7142857143,0,17,3547000,3,14,0,913324,17,14,2,29573000,3547000,1e-06,3377511.6052431623,3377543.6052431623,913321,-32.0,3,16224
33180000,NORMAL:0,0.01519756838905775,33180000,0,0,0,136785.7142857143,0,17,3547000,3,14,0,914978,17,14,2,29633000,3547000,1e-06,3383576.8552431623,3383608.8552431623,914975,-32.0,3,16224
33240000,NORMAL:0,0.01519756838905775,33240000,0,0,0,136785.7142857143,0,17,3547000,3,14,0,916634,17,14,2,29693000,3547000,1e-06,3389663.1052431623,3389695.1052431623,916631,-32.0,3,16224
33300000,NORMAL:0,0.01519756838905775,33300000,0,0,0,136785.7142857143,0,17,3547000,3,14,0,918286,17,14,2,29753000,3547000,1e-06,3395731.3552431623,3395763.3552431623,918283,-32.0,3,16224
33360000,NORMAL:0,0.01519756838905775,33360000,0,0,0,136785.7142857143,0,17,3547000,3,14,0,919942,17,14,2,29813000,3547000,1e-06,3401811.6052431623,3401843.6052431623,919939,-32.0,3,16224
33420000,NORMAL:0,0.01519756838905775,33420000,0,0,0,136785.7142857143,0,17,3547000,3,14,0,921596,17,14,2,29873000,3547000,1e-06,3407882.8552431623,3407914.8552431623,921593,-32.0,3,16224
33480000,NORMAL:0,0.0303951367781155,33480000,0,0,0,136785.7142857143,0,17,3547000,3,14,0,923252,17,14,2,29933000,3547000,1e-06,3413969.1052431623,3414001.1052431623,923249,-32.0,3,16224
33540000,NORMAL:0,0.0303951367781155,33540000,0,0,0,136785.7142857143,0,17,3547000,3,14,0,924907,17,14,2,29993000,3547000,1e-06,3420047.8552431623,3420079.8552431623,924904,-32.0,3,16224
33600000,NORMAL:0,0.0303951367781155,33600000,0,0,0,136785.7142857143,0,17,3547000,3,14,0,926560,17,14,2,30053000,3547000,1e-06,3426117.6052431623,3426149.6052431623,926557,-32.0,3,16224
33660000,NORMAL:0,0.0303951367781155,33660000,0,0,0,136785.7142857143,0,17,3547000,3,14,0,928215,17,14,2,30113000,3547000,1e-06,3432196.3552431623,3432228.3552431623,928212,-32.0,3,16224
33720000,NORMAL:0,0.0303951367781155,33720000,0,0,0,136785.7142857143,0,17,3547000,3,14,0,929870,17,14,2,30173000,3547000,1e-06,3438275.1052431623,3438307.1052431623,929867,-32.0,3,16224
33780000,NORMAL:0,0.0303951367781155,33780000,0,0,0,136785.7142857143,0,17,3547000,3,14,0,931525,17,14,2,30233000,3547000,1e-06,3444347.8552431623,3444379.8552431623,931522,-32.0,3,16224
